[{"model": "app.version", "pk": 1, "fields": {"season": 2, "version": 12.0}}, {"model": "app.weapongroup", "pk": 1, "fields": {"name": "ASSAULT_RIFFLE"}}, {"model": "app.weapongroup", "pk": 2, "fields": {"name": "SHOTGUNS"}}, {"model": "app.weapongroup", "pk": 3, "fields": {"name": "PISTOLS"}}, {"model": "app.weapongroup", "pk": 4, "fields": {"name": "SMGS"}}, {"model": "app.weapongroup", "pk": 5, "fields": {"name": "DRUM"}}, {"model": "app.weapongroup", "pk": 6, "fields": {"name": "SNIPERS"}}, {"model": "app.weapongroup", "pk": 7, "fields": {"name": "LAUNCHERS"}}, {"model": "app.weapon", "pk": 1, "fields": {"name": "Assault Rifle (Burst)", "variants": 0, "image": "ar-burst.png", "group": 1, "is_removed": false, "is_incomplete": false, "last_update": "2020-06-05T08:59:21.091Z"}}, {"model": "app.weapon", "pk": 2, "fields": {"name": "Assault Rifle (M4)", "variants": 0, "image": "ar-m4.png", "group": 1, "is_removed": false, "is_incomplete": false, "last_update": "2020-06-05T08:59:21.095Z"}}, {"model": "app.weapon", "pk": 3, "fields": {"name": "Assault Rifle (SCAR)", "variants": 3, "image": "ar-scar.png", "group": 1, "is_removed": false, "is_incomplete": false, "last_update": "2020-06-05T08:59:21.098Z"}}, {"model": "app.weapon", "pk": 4, "fields": {"name": "Assault Rifle (Scoped)", "variants": 1, "image": "ar-scope.png", "group": 1, "is_removed": true, "is_incomplete": false, "last_update": "2020-06-05T08:59:21.102Z"}}, {"model": "app.weapon", "pk": 5, "fields": {"name": "Light Machine Gun", "variants": 2, "image": "ar-lmg.png", "group": 1, "is_removed": true, "is_incomplete": false, "last_update": "2020-06-05T08:59:21.106Z"}}, {"model": "app.weapon", "pk": 6, "fields": {"name": "Minigun", "variants": 3, "image": "ar-minigun.png", "group": 1, "is_removed": true, "is_incomplete": false, "last_update": "2020-06-05T08:59:21.110Z"}}, {"model": "app.weapon", "pk": 7, "fields": {"name": "Thermal Scope Assault Rifle", "variants": 3, "image": "ar-heatscope.png", "group": 1, "is_removed": true, "is_incomplete": false, "last_update": "2020-06-05T08:59:21.113Z"}}, {"model": "app.weapon", "pk": 8, "fields": {"name": "Heavy Shotgun", "variants": 3, "image": "pump-hvy.png", "group": 2, "is_removed": true, "is_incomplete": false, "last_update": "2020-06-05T08:59:21.117Z"}}, {"model": "app.weapon", "pk": 9, "fields": {"name": "Pump Shotgun", "variants": 1, "image": "pumpV2.png", "group": 2, "is_removed": false, "is_incomplete": false, "last_update": "2020-06-05T08:59:21.120Z"}}, {"model": "app.weapon", "pk": 10, "fields": {"name": "Tactical Shotgun", "variants": 0, "image": "pump-tactical.png", "group": 2, "is_removed": false, "is_incomplete": false, "last_update": "2020-06-05T08:59:21.123Z"}}, {"model": "app.weapon", "pk": 11, "fields": {"name": "Pistol", "variants": 0, "image": "pistol.png", "group": 3, "is_removed": false, "is_incomplete": false, "last_update": "2020-06-05T08:59:21.127Z"}}, {"model": "app.weapon", "pk": 12, "fields": {"name": "Revolver", "variants": 0, "image": "revolver.png", "group": 3, "is_removed": true, "is_incomplete": false, "last_update": "2020-06-05T08:59:21.131Z"}}, {"model": "app.weapon", "pk": 13, "fields": {"name": "Suppressed Pistol", "variants": 3, "image": "pistol-supp.png", "group": 3, "is_removed": false, "is_incomplete": false, "last_update": "2020-06-05T08:59:21.135Z"}}, {"model": "app.weapon", "pk": 14, "fields": {"name": "Hand Cannon", "variants": 3, "image": "pistol-cannon.png", "group": 3, "is_removed": true, "is_incomplete": false, "last_update": "2020-06-05T08:59:21.139Z"}}, {"model": "app.weapon", "pk": 15, "fields": {"name": "Dual Pistol", "variants": 3, "image": "pistol-2x.png", "group": 3, "is_removed": true, "is_incomplete": false, "last_update": "2020-06-05T08:59:21.142Z"}}, {"model": "app.weapon", "pk": 16, "fields": {"name": "Suppressed SMG", "variants": 0, "image": "suppressed-subgun.png", "group": 4, "is_removed": false, "is_incomplete": false, "last_update": "2020-06-05T08:59:21.146Z"}}, {"model": "app.weapon", "pk": 17, "fields": {"name": "SMG", "variants": 0, "image": "SMG.png", "group": 4, "is_removed": true, "is_incomplete": false, "last_update": "2020-06-05T08:59:21.150Z"}}, {"model": "app.weapon", "pk": 18, "fields": {"name": "Compact SMG", "variants": 3, "image": "smg-compact.png", "group": 4, "is_removed": true, "is_incomplete": false, "last_update": "2020-06-05T08:59:21.153Z"}}, {"model": "app.weapon", "pk": 19, "fields": {"name": "Drum Gun", "variants": 1, "image": "drum-gun.png", "group": 5, "is_removed": true, "is_incomplete": false, "last_update": "2020-06-05T08:59:21.157Z"}}, {"model": "app.weapon", "pk": 20, "fields": {"name": "Bolt-Action Sniper Rifle", "variants": 2, "image": "scope.png", "group": 6, "is_removed": true, "is_incomplete": false, "last_update": "2020-06-05T08:59:21.161Z"}}, {"model": "app.weapon", "pk": 21, "fields": {"name": "Semi-Auto Sniper Rifle", "variants": 2, "image": "auto-scope.png", "group": 6, "is_removed": true, "is_incomplete": false, "last_update": "2020-06-05T08:59:21.164Z"}}, {"model": "app.weapon", "pk": 22, "fields": {"name": "Hunting Rifle", "variants": 2, "image": "hunting-scope.png", "group": 6, "is_removed": false, "is_incomplete": false, "last_update": "2020-06-05T08:59:21.168Z"}}, {"model": "app.weapon", "pk": 23, "fields": {"name": "Rocket Launcher", "variants": 2, "image": "rocket.png", "group": 7, "is_removed": false, "is_incomplete": false, "last_update": "2020-06-05T08:59:21.171Z"}}, {"model": "app.weapon", "pk": 24, "fields": {"name": "Grenade Launcher", "variants": 2, "image": "grenade-launcher.png", "group": 7, "is_removed": false, "is_incomplete": false, "last_update": "2020-06-05T08:59:21.175Z"}}, {"model": "app.weapon", "pk": 25, "fields": {"name": "Guided Missile", "variants": 3, "image": "guided-rocket.png", "group": 7, "is_removed": true, "is_incomplete": false, "last_update": "2020-06-05T08:59:21.178Z"}}, {"model": "app.weapon", "pk": 26, "fields": {"name": "Double Barrel Shotgun", "variants": 3, "image": "2x-pump.png", "group": 2, "is_removed": true, "is_incomplete": false, "last_update": "2020-06-05T08:59:21.183Z"}}, {"model": "app.weapon", "pk": 27, "fields": {"name": "Heavy Sniper Rifle", "variants": 3, "image": "hvy-sniper.png", "group": 6, "is_removed": false, "is_incomplete": false, "last_update": "2020-06-05T08:59:21.187Z"}}, {"model": "app.weapon", "pk": 28, "fields": {"name": "Suppressed AR", "variants": 4, "image": "suppressed-ar.png", "group": 1, "is_removed": false, "is_incomplete": false, "last_update": "2020-06-05T08:59:21.190Z"}}, {"model": "app.weapon", "pk": 29, "fields": {"name": "Quad Launcher", "variants": 3, "image": "quad-launch.png", "group": 7, "is_removed": true, "is_incomplete": false, "last_update": "2020-06-05T08:59:21.194Z"}}, {"model": "app.weapon", "pk": 30, "fields": {"name": "Six Shooter", "variants": 1, "image": "six-shoot.png", "group": 3, "is_removed": true, "is_incomplete": false, "last_update": "2020-06-05T08:59:21.197Z"}}, {"model": "app.weapon", "pk": 31, "fields": {"name": "Heavy Assault Rifle", "variants": 0, "image": "heavy-ar.png", "group": 1, "is_removed": false, "is_incomplete": false, "last_update": "2020-06-05T08:59:21.201Z"}}, {"model": "app.weapon", "pk": 32, "fields": {"name": "Assault Rifle (Burst Rare)", "variants": 3, "image": "famas.png", "group": 1, "is_removed": false, "is_incomplete": false, "last_update": "2020-06-05T08:59:21.205Z"}}, {"model": "app.weapon", "pk": 33, "fields": {"name": "Scoped Revolver", "variants": 3, "image": "scoped_revolver.png", "group": 3, "is_removed": true, "is_incomplete": false, "last_update": "2020-06-05T08:59:21.209Z"}}, {"model": "app.weapon", "pk": 34, "fields": {"name": "Suppressed Sniper", "variants": 3, "image": "Suppressed_sniper.png", "group": 6, "is_removed": false, "is_incomplete": false, "last_update": "2020-06-05T08:59:21.213Z"}}, {"model": "app.weapon", "pk": 35, "fields": {"name": "Infantry Rifle", "variants": 1, "image": "inf_rifle.png", "group": 1, "is_removed": true, "is_incomplete": false, "last_update": "2020-06-05T08:59:21.216Z"}}, {"model": "app.weapon", "pk": 36, "fields": {"name": "Flint-Knock Pistol", "variants": 0, "image": "flint.png", "group": 3, "is_removed": false, "is_incomplete": false, "last_update": "2020-06-05T08:59:21.220Z"}}, {"model": "app.weapon", "pk": 37, "fields": {"name": "Combat Shotgun", "variants": 2, "image": "combat-shotgun.png", "group": 2, "is_removed": true, "is_incomplete": false, "last_update": "2020-06-05T08:59:21.223Z"}}, {"model": "app.weapon", "pk": 38, "fields": {"name": "Tactical Assault Rifle", "variants": 2, "image": "tactical-ar.png", "group": 1, "is_removed": false, "is_incomplete": false, "last_update": "2020-06-05T08:59:21.227Z"}}, {"model": "app.weapon", "pk": 39, "fields": {"name": "Burst SMG", "variants": 0, "image": "Burst-smg.png", "group": 4, "is_removed": true, "is_incomplete": false, "last_update": "2020-06-05T08:59:21.230Z"}}, {"model": "app.weapon", "pk": 40, "fields": {"name": "Proximity Grenade Launcher", "variants": 3, "image": "Proximity_grenade_lu.png", "group": 7, "is_removed": true, "is_incomplete": false, "last_update": "2020-06-05T08:59:21.235Z"}}, {"model": "app.weapon", "pk": 41, "fields": {"name": "Drum Shotgun", "variants": 0, "image": "Drum-Shotgun.png", "group": 2, "is_removed": true, "is_incomplete": false, "last_update": "2020-06-05T08:59:21.238Z"}}, {"model": "app.weapon", "pk": 42, "fields": {"name": "Storm Scout Sniper Rifle", "variants": 3, "image": "storm_scout.png", "group": 6, "is_removed": true, "is_incomplete": false, "last_update": "2020-06-05T08:59:21.242Z"}}, {"model": "app.weapon", "pk": 43, "fields": {"name": "Auto Sniper Rifle", "variants": 2, "image": "auto-sniper.png", "group": 6, "is_removed": true, "is_incomplete": true, "last_update": "2020-06-05T08:59:21.245Z"}}, {"model": "app.weapon", "pk": 44, "fields": {"name": "Tactical SMG", "variants": 1, "image": "tactical-smg.png", "group": 4, "is_removed": true, "is_incomplete": true, "last_update": "2020-06-05T08:59:21.249Z"}}, {"model": "app.weapondetail", "pk": 1, "fields": {"detail_level": 0, "weapon_id": 1, "damage": 27, "damage_head": 54.0, "fire_rate": 4.91, "magazine_size": 30, "reload_time": 2.9, "impact": 40.0, "spread_base": 0.175, "spread_sprint": 1.5, "spread_jump": 1.25, "spread_downsights": 0.65, "spread_standing": 0.55, "spread_crouching": 0.75, "fire_rate_burst": 0.0, "environment_damages": 27.0, "recoil_horizontal": 0.25, "recoil_vertical": 1.925, "recoil_max_angle": 25.0, "recoil_min_angle": -25.0, "recoil_downsights": 0.5, "last_update": "2020-06-05T08:59:21.254Z"}}, {"model": "app.weapondetail", "pk": 2, "fields": {"detail_level": 1, "weapon_id": 1, "damage": 29, "damage_head": 58.0, "fire_rate": 4.91, "magazine_size": 30, "reload_time": 2.7, "impact": 42.0, "spread_base": 0.175, "spread_sprint": 1.5, "spread_jump": 1.25, "spread_downsights": 0.65, "spread_standing": 0.55, "spread_crouching": 0.75, "fire_rate_burst": 0.0, "environment_damages": 29.0, "recoil_horizontal": 0.25, "recoil_vertical": 1.8375, "recoil_max_angle": 25.0, "recoil_min_angle": -25.0, "recoil_downsights": 0.5, "last_update": "2020-06-05T08:59:21.258Z"}}, {"model": "app.weapondetail", "pk": 3, "fields": {"detail_level": 2, "weapon_id": 1, "damage": 30, "damage_head": 60.0, "fire_rate": 4.91, "magazine_size": 30, "reload_time": 2.6, "impact": 44.0, "spread_base": 0.175, "spread_sprint": 1.5, "spread_jump": 1.25, "spread_downsights": 0.65, "spread_standing": 0.55, "spread_crouching": 0.75, "fire_rate_burst": 0.0, "environment_damages": 30.0, "recoil_horizontal": 0.25, "recoil_vertical": 1.75, "recoil_max_angle": 25.0, "recoil_min_angle": -25.0, "recoil_downsights": 0.5, "last_update": "2020-06-05T08:59:21.263Z"}}, {"model": "app.weapondetail", "pk": 4, "fields": {"detail_level": 0, "weapon_id": 2, "damage": 30, "damage_head": 60.0, "fire_rate": 5.5, "magazine_size": 30, "reload_time": 2.3, "impact": 25.0, "spread_base": 0.15, "spread_sprint": 1.5, "spread_jump": 1.25, "spread_downsights": 0.6, "spread_standing": 0.55, "spread_crouching": 0.8, "fire_rate_burst": 0.0, "environment_damages": 30.0, "recoil_horizontal": 0.25, "recoil_vertical": 3.5, "recoil_max_angle": 25.0, "recoil_min_angle": -25.0, "recoil_downsights": 0.5, "last_update": "2020-06-05T08:59:21.269Z"}}, {"model": "app.weapondetail", "pk": 5, "fields": {"detail_level": 1, "weapon_id": 2, "damage": 31, "damage_head": 62.0, "fire_rate": 5.5, "magazine_size": 30, "reload_time": 2.2, "impact": 27.0, "spread_base": 0.15, "spread_sprint": 1.5, "spread_jump": 1.25, "spread_downsights": 0.6, "spread_standing": 0.55, "spread_crouching": 0.8, "fire_rate_burst": 0.0, "environment_damages": 31.0, "recoil_horizontal": 0.25, "recoil_vertical": 3.4125, "recoil_max_angle": 25.0, "recoil_min_angle": -25.0, "recoil_downsights": 0.5, "last_update": "2020-06-05T08:59:21.275Z"}}, {"model": "app.weapondetail", "pk": 6, "fields": {"detail_level": 2, "weapon_id": 2, "damage": 33, "damage_head": 66.0, "fire_rate": 5.5, "magazine_size": 30, "reload_time": 2.2, "impact": 28.0, "spread_base": 0.15, "spread_sprint": 1.5, "spread_jump": 1.25, "spread_downsights": 0.6, "spread_standing": 0.55, "spread_crouching": 0.8, "fire_rate_burst": 0.0, "environment_damages": 33.0, "recoil_horizontal": 0.25, "recoil_vertical": 3.325, "recoil_max_angle": 25.0, "recoil_min_angle": -25.0, "recoil_downsights": 0.5, "last_update": "2020-06-05T08:59:21.279Z"}}, {"model": "app.weapondetail", "pk": 7, "fields": {"detail_level": 3, "weapon_id": 3, "damage": 35, "damage_head": 70.0, "fire_rate": 5.5, "magazine_size": 30, "reload_time": 2.1, "impact": 29.0, "spread_base": 0.15, "spread_sprint": 1.5, "spread_jump": 1.25, "spread_downsights": 0.6, "spread_standing": 0.55, "spread_crouching": 0.8, "fire_rate_burst": 0.0, "environment_damages": 35.0, "recoil_horizontal": 0.25, "recoil_vertical": 3.237, "recoil_max_angle": 25.0, "recoil_min_angle": -25.0, "recoil_downsights": 0.5, "last_update": "2020-06-05T08:59:21.284Z"}}, {"model": "app.weapondetail", "pk": 8, "fields": {"detail_level": 4, "weapon_id": 3, "damage": 36, "damage_head": 72.0, "fire_rate": 5.5, "magazine_size": 30, "reload_time": 2.1, "impact": 31.0, "spread_base": 0.15, "spread_sprint": 1.5, "spread_jump": 1.25, "spread_downsights": 0.6, "spread_standing": 0.55, "spread_crouching": 0.8, "fire_rate_burst": 0.0, "environment_damages": 36.0, "recoil_horizontal": 0.25, "recoil_vertical": 3.15, "recoil_max_angle": 25.0, "recoil_min_angle": -25.0, "recoil_downsights": 0.5, "last_update": "2020-06-05T08:59:21.289Z"}}, {"model": "app.weapondetail", "pk": 9, "fields": {"detail_level": 1, "weapon_id": 4, "damage": 26, "damage_head": 46.0, "fire_rate": 3.5, "magazine_size": 20, "reload_time": 2.3, "impact": 28.0, "spread_base": 0.15, "spread_sprint": 1.5, "spread_jump": 1.25, "spread_downsights": 0.0, "spread_standing": 0.5, "spread_crouching": 0.75, "fire_rate_burst": 0.0, "environment_damages": 25.0, "recoil_horizontal": 0.2, "recoil_vertical": 3.0, "recoil_max_angle": 25.0, "recoil_min_angle": -25.0, "recoil_downsights": 0.7, "last_update": "2020-06-05T08:59:21.294Z"}}, {"model": "app.weapondetail", "pk": 10, "fields": {"detail_level": 2, "weapon_id": 4, "damage": 27, "damage_head": 48.0, "fire_rate": 3.5, "magazine_size": 20, "reload_time": 2.2, "impact": 29.0, "spread_base": 0.15, "spread_sprint": 1.5, "spread_jump": 1.25, "spread_downsights": 0.0, "spread_standing": 0.5, "spread_crouching": 0.75, "fire_rate_burst": 0.0, "environment_damages": 26.0, "recoil_horizontal": 0.2, "recoil_vertical": 2.85, "recoil_max_angle": 25.0, "recoil_min_angle": -25.0, "recoil_downsights": 0.7, "last_update": "2020-06-05T08:59:21.299Z"}}, {"model": "app.weapondetail", "pk": 11, "fields": {"detail_level": 2, "weapon_id": 5, "damage": 25, "damage_head": 50.0, "fire_rate": 8.0, "magazine_size": 100, "reload_time": 5.0, "impact": 28.0, "spread_base": 0.15, "spread_sprint": 1.5, "spread_jump": 1.25, "spread_downsights": 0.65, "spread_standing": 0.5, "spread_crouching": 0.8, "fire_rate_burst": 0.0, "environment_damages": 25.0, "recoil_horizontal": 0.25, "recoil_vertical": 7.0, "recoil_max_angle": 25.0, "recoil_min_angle": -25.0, "recoil_downsights": 0.5, "last_update": "2020-06-05T08:59:21.304Z"}}, {"model": "app.weapondetail", "pk": 12, "fields": {"detail_level": 3, "weapon_id": 5, "damage": 26, "damage_head": 52.0, "fire_rate": 8.0, "magazine_size": 100, "reload_time": 4.8, "impact": 29.0, "spread_base": 0.15, "spread_sprint": 1.5, "spread_jump": 1.25, "spread_downsights": 0.65, "spread_standing": 0.55, "spread_crouching": 0.8, "fire_rate_burst": 0.0, "environment_damages": 26.0, "recoil_horizontal": 0.25, "recoil_vertical": 6.65, "recoil_max_angle": 25.0, "recoil_min_angle": -25.0, "recoil_downsights": 0.5, "last_update": "2020-06-05T08:59:21.309Z"}}, {"model": "app.weapondetail", "pk": 13, "fields": {"detail_level": 3, "weapon_id": 6, "damage": 20, "damage_head": 27.0, "fire_rate": 12.0, "magazine_size": 0, "reload_time": 4.8, "impact": 29.0, "spread_base": 0.15, "spread_sprint": 1.5, "spread_jump": 1.25, "spread_downsights": 0.65, "spread_standing": 0.55, "spread_crouching": 0.8, "fire_rate_burst": 0.0, "environment_damages": 32.0, "recoil_horizontal": 0.25, "recoil_vertical": 2.9925, "recoil_max_angle": 25.0, "recoil_min_angle": -25.0, "recoil_downsights": 0.5, "last_update": "2020-06-05T08:59:21.314Z"}}, {"model": "app.weapondetail", "pk": 14, "fields": {"detail_level": 4, "weapon_id": 6, "damage": 21, "damage_head": 28.5, "fire_rate": 12.0, "magazine_size": 0, "reload_time": 4.5, "impact": 31.0, "spread_base": 0.15, "spread_sprint": 1.5, "spread_jump": 1.25, "spread_downsights": 0.65, "spread_standing": 0.55, "spread_crouching": 0.8, "fire_rate_burst": 0.0, "environment_damages": 33.0, "recoil_horizontal": 0.25, "recoil_vertical": 2.835, "recoil_max_angle": 25.0, "recoil_min_angle": -25.0, "recoil_downsights": 0.5, "last_update": "2020-06-05T08:59:21.319Z"}}, {"model": "app.weapondetail", "pk": 15, "fields": {"detail_level": 3, "weapon_id": 7, "damage": 36, "damage_head": 72.0, "fire_rate": 1.8, "magazine_size": 15, "reload_time": 2.2, "impact": 29.0, "spread_base": 0.15, "spread_sprint": 1.5, "spread_jump": 1.25, "spread_downsights": 0.0, "spread_standing": 0.5, "spread_crouching": 0.75, "fire_rate_burst": 0.0, "environment_damages": 36.0, "recoil_horizontal": 0.2, "recoil_vertical": 6.175, "recoil_max_angle": 25.0, "recoil_min_angle": -25.0, "recoil_downsights": 0.7, "last_update": "2020-06-05T08:59:21.323Z"}}, {"model": "app.weapondetail", "pk": 16, "fields": {"detail_level": 4, "weapon_id": 7, "damage": 37, "damage_head": 74.0, "fire_rate": 1.8, "magazine_size": 15, "reload_time": 2.1, "impact": 31.0, "spread_base": 0.15, "spread_sprint": 1.5, "spread_jump": 1.25, "spread_downsights": 0.0, "spread_standing": 0.5, "spread_crouching": 0.75, "fire_rate_burst": 0.0, "environment_damages": 37.0, "recoil_horizontal": 0.2, "recoil_vertical": 5.85, "recoil_max_angle": 25.0, "recoil_min_angle": -25.0, "recoil_downsights": 0.7, "last_update": "2020-06-05T08:59:21.328Z"}}, {"model": "app.weapondetail", "pk": 17, "fields": {"detail_level": 3, "weapon_id": 8, "damage": 74, "damage_head": 183.75, "fire_rate": 1.0, "magazine_size": 7, "reload_time": 5.9, "impact": 52.5, "spread_base": 0.15, "spread_sprint": 1.1, "spread_jump": 1.05, "spread_downsights": 0.7, "spread_standing": 0.8, "spread_crouching": 0.85, "fire_rate_burst": 0.0, "environment_damages": 79.0, "recoil_horizontal": 2.0, "recoil_vertical": 8.55, "recoil_max_angle": 25.0, "recoil_min_angle": -25.0, "recoil_downsights": 0.85, "last_update": "2020-06-05T08:59:21.333Z"}}, {"model": "app.weapondetail", "pk": 18, "fields": {"detail_level": 4, "weapon_id": 8, "damage": 77, "damage_head": 192.5, "fire_rate": 1.0, "magazine_size": 7, "reload_time": 5.6, "impact": 55.0, "spread_base": 0.15, "spread_sprint": 1.1, "spread_jump": 1.05, "spread_downsights": 0.7, "spread_standing": 0.8, "spread_crouching": 0.85, "fire_rate_burst": 0.0, "environment_damages": 82.5, "recoil_horizontal": 2.0, "recoil_vertical": 8.1, "recoil_max_angle": 25.0, "recoil_min_angle": -25.0, "recoil_downsights": 0.85, "last_update": "2020-06-05T08:59:21.338Z"}}, {"model": "app.weapondetail", "pk": 19, "fields": {"detail_level": 0, "weapon_id": 9, "damage": 70, "damage_head": 140.0, "fire_rate": 0.7, "magazine_size": 5, "reload_time": 5.7, "impact": 45.0, "spread_base": 0.909, "spread_sprint": 1.1, "spread_jump": 1.05, "spread_downsights": 0.8, "spread_standing": 0.92, "spread_crouching": 0.85, "fire_rate_burst": 0.0, "environment_damages": 45.0, "recoil_horizontal": 2.0, "recoil_vertical": 11.7, "recoil_max_angle": 25.0, "recoil_min_angle": -25.0, "recoil_downsights": 0.85, "last_update": "2020-06-05T08:59:21.343Z"}}, {"model": "app.weapondetail", "pk": 20, "fields": {"detail_level": 1, "weapon_id": 9, "damage": 80, "damage_head": 160.0, "fire_rate": 0.7, "magazine_size": 5, "reload_time": 4.8, "impact": 45.0, "spread_base": 0.909, "spread_sprint": 1.1, "spread_jump": 1.05, "spread_downsights": 0.8, "spread_standing": 0.92, "spread_crouching": 0.85, "fire_rate_burst": 0.0, "environment_damages": 100.0, "recoil_horizontal": 2.0, "recoil_vertical": 9.9, "recoil_max_angle": 25.0, "recoil_min_angle": -25.0, "recoil_downsights": 0.8, "last_update": "2020-06-05T08:59:21.348Z"}}, {"model": "app.weapondetail", "pk": 21, "fields": {"detail_level": 2, "weapon_id": 9, "damage": 90, "damage_head": 170.0, "fire_rate": 0.7, "magazine_size": 5, "reload_time": 4.6, "impact": 47.5, "spread_base": 0.909, "spread_sprint": 1.1, "spread_jump": 1.05, "spread_downsights": 0.8, "spread_standing": 0.92, "spread_crouching": 0.85, "fire_rate_burst": 0.0, "environment_damages": 100.0, "recoil_horizontal": 2.0, "recoil_vertical": 9.45, "recoil_max_angle": 25.0, "recoil_min_angle": -25.0, "recoil_downsights": 0.85, "last_update": "2020-06-05T08:59:21.353Z"}}, {"model": "app.weapondetail", "pk": 22, "fields": {"detail_level": 3, "weapon_id": 9, "damage": 100, "damage_head": 210.0, "fire_rate": 0.7, "magazine_size": 5, "reload_time": 4.4, "impact": 50.0, "spread_base": 0.909, "spread_sprint": 1.1, "spread_jump": 1.05, "spread_downsights": 0.8, "spread_standing": 0.92, "spread_crouching": 0.85, "fire_rate_burst": 0.0, "environment_damages": 50.0, "recoil_horizontal": 2.0, "recoil_vertical": 9.0, "recoil_max_angle": 25.0, "recoil_min_angle": -25.0, "recoil_downsights": 0.85, "last_update": "2020-06-05T08:59:21.358Z"}}, {"model": "app.weapondetail", "pk": 23, "fields": {"detail_level": 4, "weapon_id": 9, "damage": 110, "damage_head": 220.0, "fire_rate": 0.7, "magazine_size": 5, "reload_time": 4.2, "impact": 43.0, "spread_base": 0.909, "spread_sprint": 1.1, "spread_jump": 1.05, "spread_downsights": 0.8, "spread_standing": 0.92, "spread_crouching": 0.85, "fire_rate_burst": 0.0, "environment_damages": 53.0, "recoil_horizontal": 2.0, "recoil_vertical": 8.55, "recoil_max_angle": 25.0, "recoil_min_angle": -25.0, "recoil_downsights": 0.85, "last_update": "2020-06-05T08:59:21.362Z"}}, {"model": "app.weapondetail", "pk": 24, "fields": {"detail_level": 0, "weapon_id": 10, "damage": 71, "damage_head": 167.5, "fire_rate": 1.5, "magazine_size": 8, "reload_time": 6.3, "impact": 30.4, "spread_base": 0.333, "spread_sprint": 1.1, "spread_jump": 1.05, "spread_downsights": 0.8, "spread_standing": 0.92, "spread_crouching": 0.85, "fire_rate_burst": 0.0, "environment_damages": 70.0, "recoil_horizontal": 2.0, "recoil_vertical": 4.2, "recoil_max_angle": 25.0, "recoil_min_angle": -25.0, "recoil_downsights": 0.85, "last_update": "2020-06-05T08:59:21.367Z"}}, {"model": "app.weapondetail", "pk": 25, "fields": {"detail_level": 1, "weapon_id": 10, "damage": 75, "damage_head": 175.0, "fire_rate": 1.5, "magazine_size": 8, "reload_time": 6.0, "impact": 32.0, "spread_base": 0.333, "spread_sprint": 1.1, "spread_jump": 1.05, "spread_downsights": 0.8, "spread_standing": 0.92, "spread_crouching": 0.85, "fire_rate_burst": 0.0, "environment_damages": 70.0, "recoil_horizontal": 2.0, "recoil_vertical": 4.0, "recoil_max_angle": 25.0, "recoil_min_angle": -25.0, "recoil_downsights": 0.85, "last_update": "2020-06-05T08:59:21.372Z"}}, {"model": "app.weapondetail", "pk": 26, "fields": {"detail_level": 2, "weapon_id": 10, "damage": 79, "damage_head": 185.0, "fire_rate": 1.5, "magazine_size": 8, "reload_time": 5.7, "impact": 33.6, "spread_base": 0.333, "spread_sprint": 1.1, "spread_jump": 1.05, "spread_downsights": 0.8, "spread_standing": 0.92, "spread_crouching": 0.85, "fire_rate_burst": 0.0, "environment_damages": 70.0, "recoil_horizontal": 2.0, "recoil_vertical": 3.8, "recoil_max_angle": 25.0, "recoil_min_angle": -25.0, "recoil_downsights": 0.85, "last_update": "2020-06-05T08:59:21.377Z"}}, {"model": "app.weapondetail", "pk": 27, "fields": {"detail_level": 3, "weapon_id": 10, "damage": 83, "damage_head": 190.0, "fire_rate": 1.5, "magazine_size": 8, "reload_time": 5.7, "impact": 33.6, "spread_base": 0.333, "spread_sprint": 1.1, "spread_jump": 1.05, "spread_downsights": 0.8, "spread_standing": 0.92, "spread_crouching": 0.85, "fire_rate_burst": 0.0, "environment_damages": 70.0, "recoil_horizontal": 2.0, "recoil_vertical": 3.8, "recoil_max_angle": 25.0, "recoil_min_angle": -25.0, "recoil_downsights": 0.85, "last_update": "2020-06-05T08:59:21.382Z"}}, {"model": "app.weapondetail", "pk": 28, "fields": {"detail_level": 4, "weapon_id": 10, "damage": 87, "damage_head": 200.0, "fire_rate": 1.5, "magazine_size": 8, "reload_time": 5.7, "impact": 33.6, "spread_base": 0.333, "spread_sprint": 1.1, "spread_jump": 1.05, "spread_downsights": 0.8, "spread_standing": 0.92, "spread_crouching": 0.85, "fire_rate_burst": 0.0, "environment_damages": 70.0, "recoil_horizontal": 2.0, "recoil_vertical": 3.8, "recoil_max_angle": 25.0, "recoil_min_angle": -25.0, "recoil_downsights": 0.85, "last_update": "2020-06-05T08:59:21.387Z"}}, {"model": "app.weapondetail", "pk": 29, "fields": {"detail_level": 0, "weapon_id": 11, "damage": 24, "damage_head": 50.0, "fire_rate": 6.75, "magazine_size": 16, "reload_time": 1.5, "impact": 45.0, "spread_base": 0.25, "spread_sprint": 1.25, "spread_jump": 1.1, "spread_downsights": 0.6, "spread_standing": 0.85, "spread_crouching": 0.8, "fire_rate_burst": 0.0, "environment_damages": 24.0, "recoil_horizontal": 0.2, "recoil_vertical": 3.3, "recoil_max_angle": 25.0, "recoil_min_angle": -25.0, "recoil_downsights": 0.6, "last_update": "2020-06-05T08:59:21.392Z"}}, {"model": "app.weapondetail", "pk": 30, "fields": {"detail_level": 1, "weapon_id": 11, "damage": 25, "damage_head": 48.0, "fire_rate": 6.75, "magazine_size": 16, "reload_time": 1.5, "impact": 48.0, "spread_base": 0.25, "spread_sprint": 1.25, "spread_jump": 1.1, "spread_downsights": 0.6, "spread_standing": 0.85, "spread_crouching": 0.8, "fire_rate_burst": 0.0, "environment_damages": 25.0, "recoil_horizontal": 0.2, "recoil_vertical": 3.15, "recoil_max_angle": 25.0, "recoil_min_angle": -25.0, "recoil_downsights": 0.6, "last_update": "2020-06-05T08:59:21.398Z"}}, {"model": "app.weapondetail", "pk": 31, "fields": {"detail_level": 2, "weapon_id": 11, "damage": 26, "damage_head": 52.0, "fire_rate": 6.75, "magazine_size": 16, "reload_time": 1.4, "impact": 50.0, "spread_base": 0.25, "spread_sprint": 1.25, "spread_jump": 1.1, "spread_downsights": 0.6, "spread_standing": 0.85, "spread_crouching": 0.8, "fire_rate_burst": 0.0, "environment_damages": 26.0, "recoil_horizontal": 0.2, "recoil_vertical": 3.0, "recoil_max_angle": 25.0, "recoil_min_angle": -25.0, "recoil_downsights": 0.6, "last_update": "2020-06-05T08:59:21.404Z"}}, {"model": "app.weapondetail", "pk": 32, "fields": {"detail_level": 3, "weapon_id": 11, "damage": 28, "damage_head": 56.0, "fire_rate": 6.75, "magazine_size": 16, "reload_time": 1.3, "impact": 53.0, "spread_base": 0.25, "spread_sprint": 1.25, "spread_jump": 1.1, "spread_downsights": 0.6, "spread_standing": 0.85, "spread_crouching": 0.8, "fire_rate_burst": 0.0, "environment_damages": 28.0, "recoil_horizontal": 0.2, "recoil_vertical": 2.85, "recoil_max_angle": 25.0, "recoil_min_angle": -25.0, "recoil_downsights": 0.6, "last_update": "2020-06-05T08:59:21.409Z"}}, {"model": "app.weapondetail", "pk": 33, "fields": {"detail_level": 4, "weapon_id": 11, "damage": 29, "damage_head": 58.0, "fire_rate": 6.75, "magazine_size": 16, "reload_time": 1.3, "impact": 55.0, "spread_base": 0.25, "spread_sprint": 1.25, "spread_jump": 1.1, "spread_downsights": 0.6, "spread_standing": 0.85, "spread_crouching": 0.8, "fire_rate_burst": 0.0, "environment_damages": 29.0, "recoil_horizontal": 0.2, "recoil_vertical": 2.7, "recoil_max_angle": 25.0, "recoil_min_angle": -25.0, "recoil_downsights": 0.6, "last_update": "2020-06-05T08:59:21.414Z"}}, {"model": "app.weapondetail", "pk": 34, "fields": {"detail_level": 0, "weapon_id": 12, "damage": 54, "damage_head": 108.0, "fire_rate": 0.9, "magazine_size": 6, "reload_time": 2.4, "impact": 135.0, "spread_base": 1.0, "spread_sprint": 1.25, "spread_jump": 1.15, "spread_downsights": 0.6, "spread_standing": 0.85, "spread_crouching": 0.8, "fire_rate_burst": 0.0, "environment_damages": 54.0, "recoil_horizontal": 0.75, "recoil_vertical": 8.8, "recoil_max_angle": 25.0, "recoil_min_angle": -25.0, "recoil_downsights": 0.65, "last_update": "2020-06-05T08:59:21.419Z"}}, {"model": "app.weapondetail", "pk": 35, "fields": {"detail_level": 1, "weapon_id": 12, "damage": 57, "damage_head": 114.0, "fire_rate": 0.9, "magazine_size": 6, "reload_time": 2.3, "impact": 143.0, "spread_base": 1.0, "spread_sprint": 1.25, "spread_jump": 1.15, "spread_downsights": 0.6, "spread_standing": 0.85, "spread_crouching": 0.8, "fire_rate_burst": 0.0, "environment_damages": 54.0, "recoil_horizontal": 0.75, "recoil_vertical": 8.4, "recoil_max_angle": 25.0, "recoil_min_angle": -25.0, "recoil_downsights": 0.65, "last_update": "2020-06-05T08:59:21.424Z"}}, {"model": "app.weapondetail", "pk": 36, "fields": {"detail_level": 2, "weapon_id": 12, "damage": 60, "damage_head": 120.0, "fire_rate": 0.9, "magazine_size": 6, "reload_time": 2.2, "impact": 150.0, "spread_base": 1.0, "spread_sprint": 1.25, "spread_jump": 1.15, "spread_downsights": 0.6, "spread_standing": 0.85, "spread_crouching": 0.8, "fire_rate_burst": 0.0, "environment_damages": 60.0, "recoil_horizontal": 0.75, "recoil_vertical": 8.0, "recoil_max_angle": 25.0, "recoil_min_angle": -25.0, "recoil_downsights": 0.65, "last_update": "2020-06-05T08:59:21.429Z"}}, {"model": "app.weapondetail", "pk": 37, "fields": {"detail_level": 2, "weapon_id": 13, "damage": 26, "damage_head": 52.0, "fire_rate": 6.75, "magazine_size": 16, "reload_time": 1.3, "impact": 53.0, "spread_base": 0.25, "spread_sprint": 1.25, "spread_jump": 1.1, "spread_downsights": 0.6, "spread_standing": 0.85, "spread_crouching": 0.8, "fire_rate_burst": 0.0, "environment_damages": 26.0, "recoil_horizontal": 0.2, "recoil_vertical": 2.85, "recoil_max_angle": 25.0, "recoil_min_angle": -25.0, "recoil_downsights": 0.6, "last_update": "2020-06-05T08:59:21.433Z"}}, {"model": "app.weapondetail", "pk": 38, "fields": {"detail_level": 3, "weapon_id": 13, "damage": 28, "damage_head": 56.0, "fire_rate": 6.75, "magazine_size": 16, "reload_time": 1.3, "impact": 55.0, "spread_base": 0.25, "spread_sprint": 1.25, "spread_jump": 1.1, "spread_downsights": 0.6, "spread_standing": 0.85, "spread_crouching": 0.8, "fire_rate_burst": 0.0, "environment_damages": 28.0, "recoil_horizontal": 0.2, "recoil_vertical": 2.7, "recoil_max_angle": 25.0, "recoil_min_angle": -25.0, "recoil_downsights": 0.6, "last_update": "2020-06-05T08:59:21.437Z"}}, {"model": "app.weapondetail", "pk": 39, "fields": {"detail_level": 3, "weapon_id": 14, "damage": 75, "damage_head": 150.0, "fire_rate": 0.8, "magazine_size": 7, "reload_time": 2.1, "impact": 158.0, "spread_base": 1.0, "spread_sprint": 1.25, "spread_jump": 1.15, "spread_downsights": 0.55, "spread_standing": 0.85, "spread_crouching": 0.8, "fire_rate_burst": 0.0, "environment_damages": 100.0, "recoil_horizontal": 0.75, "recoil_vertical": 3.04, "recoil_max_angle": 25.0, "recoil_min_angle": -25.0, "recoil_downsights": 0.65, "last_update": "2020-06-05T08:59:21.442Z"}}, {"model": "app.weapondetail", "pk": 40, "fields": {"detail_level": 4, "weapon_id": 14, "damage": 78, "damage_head": 156.0, "fire_rate": 0.8, "magazine_size": 7, "reload_time": 2.0, "impact": 165.0, "spread_base": 1.0, "spread_sprint": 1.25, "spread_jump": 1.15, "spread_downsights": 0.55, "spread_standing": 0.85, "spread_crouching": 0.8, "fire_rate_burst": 0.0, "environment_damages": 105.0, "recoil_horizontal": 0.75, "recoil_vertical": 2.884, "recoil_max_angle": 25.0, "recoil_min_angle": -25.0, "recoil_downsights": 0.65, "last_update": "2020-06-05T08:59:21.446Z"}}, {"model": "app.weapondetail", "pk": 41, "fields": {"detail_level": 2, "weapon_id": 15, "damage": 41, "damage_head": 82.0, "fire_rate": 3.96, "magazine_size": 18, "reload_time": 2.8, "impact": 53.0, "spread_base": 0.3, "spread_sprint": 1.3, "spread_jump": 1.15, "spread_downsights": 0.92, "spread_standing": 0.9, "spread_crouching": 0.8, "fire_rate_burst": 0.0, "environment_damages": 42.0, "recoil_horizontal": 0.3, "recoil_vertical": 3.23, "recoil_max_angle": 25.0, "recoil_min_angle": -25.0, "recoil_downsights": 0.65, "last_update": "2020-06-05T08:59:21.451Z"}}, {"model": "app.weapondetail", "pk": 42, "fields": {"detail_level": 3, "weapon_id": 15, "damage": 43, "damage_head": 86.0, "fire_rate": 3.96, "magazine_size": 18, "reload_time": 2.7, "impact": 53.0, "spread_base": 0.3, "spread_sprint": 1.3, "spread_jump": 1.15, "spread_downsights": 0.92, "spread_standing": 0.9, "spread_crouching": 0.8, "fire_rate_burst": 0.0, "environment_damages": 44.0, "recoil_horizontal": 0.3, "recoil_vertical": 3.06, "recoil_max_angle": 25.0, "recoil_min_angle": -25.0, "recoil_downsights": 0.65, "last_update": "2020-06-05T08:59:21.455Z"}}, {"model": "app.weapondetail", "pk": 43, "fields": {"detail_level": 1, "weapon_id": 16, "damage": 23, "damage_head": 46.0, "fire_rate": 9.0, "magazine_size": 30, "reload_time": 2.1, "impact": 27.0, "spread_base": 0.3, "spread_sprint": 1.25, "spread_jump": 1.05, "spread_downsights": 0.6, "spread_standing": 0.85, "spread_crouching": 0.85, "fire_rate_burst": 0.0, "environment_damages": 23.0, "recoil_horizontal": 0.45, "recoil_vertical": 1.89, "recoil_max_angle": 25.0, "recoil_min_angle": -25.0, "recoil_downsights": 0.6, "last_update": "2020-06-05T08:59:21.459Z"}}, {"model": "app.weapondetail", "pk": 44, "fields": {"detail_level": 2, "weapon_id": 16, "damage": 24, "damage_head": 48.0, "fire_rate": 9.0, "magazine_size": 30, "reload_time": 2.0, "impact": 28.0, "spread_base": 0.3, "spread_sprint": 1.25, "spread_jump": 1.05, "spread_downsights": 0.6, "spread_standing": 0.85, "spread_crouching": 0.85, "fire_rate_burst": 0.0, "environment_damages": 24.0, "recoil_horizontal": 0.45, "recoil_vertical": 1.8, "recoil_max_angle": 25.0, "recoil_min_angle": -25.0, "recoil_downsights": 0.6, "last_update": "2020-06-05T08:59:21.463Z"}}, {"model": "app.weapondetail", "pk": 45, "fields": {"detail_level": 0, "weapon_id": 17, "damage": 17, "damage_head": 34.0, "fire_rate": 12.0, "magazine_size": 30, "reload_time": 2.4, "impact": 25.0, "spread_base": 0.2, "spread_sprint": 1.1, "spread_jump": 1.1, "spread_downsights": 0.8, "spread_standing": 0.92, "spread_crouching": 0.95, "fire_rate_burst": 0.0, "environment_damages": 17.0, "recoil_horizontal": 0.5, "recoil_vertical": 1.65, "recoil_max_angle": 25.0, "recoil_min_angle": -25.0, "recoil_downsights": 2.0, "last_update": "2020-06-05T08:59:21.468Z"}}, {"model": "app.weapondetail", "pk": 46, "fields": {"detail_level": 1, "weapon_id": 17, "damage": 18, "damage_head": 36.0, "fire_rate": 12.0, "magazine_size": 30, "reload_time": 2.3, "impact": 27.0, "spread_base": 0.2, "spread_sprint": 1.1, "spread_jump": 1.1, "spread_downsights": 0.8, "spread_standing": 0.92, "spread_crouching": 0.95, "fire_rate_burst": 0.0, "environment_damages": 18.0, "recoil_horizontal": 0.5, "recoil_vertical": 1.575, "recoil_max_angle": 25.0, "recoil_min_angle": -25.0, "recoil_downsights": 2.0, "last_update": "2020-06-05T08:59:21.473Z"}}, {"model": "app.weapondetail", "pk": 47, "fields": {"detail_level": 2, "weapon_id": 17, "damage": 19, "damage_head": 38.0, "fire_rate": 12.0, "magazine_size": 30, "reload_time": 2.2, "impact": 28.0, "spread_base": 0.2, "spread_sprint": 1.1, "spread_jump": 1.1, "spread_downsights": 0.8, "spread_standing": 0.92, "spread_crouching": 0.95, "fire_rate_burst": 0.0, "environment_damages": 19.0, "recoil_horizontal": 0.5, "recoil_vertical": 1.5, "recoil_max_angle": 25.0, "recoil_min_angle": -25.0, "recoil_downsights": 2.0, "last_update": "2020-06-05T08:59:21.477Z"}}, {"model": "app.weapondetail", "pk": 48, "fields": {"detail_level": 3, "weapon_id": 18, "damage": 20, "damage_head": 42.0, "fire_rate": 12.0, "magazine_size": 30, "reload_time": 1.9, "impact": 29.0, "spread_base": 0.2, "spread_sprint": 1.1, "spread_jump": 1.1, "spread_downsights": 0.8, "spread_standing": 0.92, "spread_crouching": 0.95, "fire_rate_burst": 0.0, "environment_damages": 21.0, "recoil_horizontal": 0.5, "recoil_vertical": 1.425, "recoil_max_angle": 25.0, "recoil_min_angle": -25.0, "recoil_downsights": 2.0, "last_update": "2020-06-05T08:59:21.482Z"}}, {"model": "app.weapondetail", "pk": 49, "fields": {"detail_level": 4, "weapon_id": 18, "damage": 21, "damage_head": 44.0, "fire_rate": 12.0, "magazine_size": 30, "reload_time": 1.7, "impact": 31.0, "spread_base": 0.2, "spread_sprint": 1.1, "spread_jump": 1.1, "spread_downsights": 0.8, "spread_standing": 0.92, "spread_crouching": 0.95, "fire_rate_burst": 0.0, "environment_damages": 22.0, "recoil_horizontal": 0.5, "recoil_vertical": 1.35, "recoil_max_angle": 25.0, "recoil_min_angle": -25.0, "recoil_downsights": 2.0, "last_update": "2020-06-05T08:59:21.486Z"}}, {"model": "app.weapondetail", "pk": 50, "fields": {"detail_level": 1, "weapon_id": 19, "damage": 22, "damage_head": 52.0, "fire_rate": 8.0, "magazine_size": 50, "reload_time": 3.2, "impact": 27.0, "spread_base": 0.2, "spread_sprint": 1.25, "spread_jump": 1.05, "spread_downsights": 0.75, "spread_standing": 0.9, "spread_crouching": 0.85, "fire_rate_burst": 0.0, "environment_damages": 22.0, "recoil_horizontal": 2.2, "recoil_vertical": 3.045, "recoil_max_angle": 25.0, "recoil_min_angle": -25.0, "recoil_downsights": 0.6, "last_update": "2020-06-05T08:59:21.491Z"}}, {"model": "app.weapondetail", "pk": 51, "fields": {"detail_level": 2, "weapon_id": 19, "damage": 23, "damage_head": 54.0, "fire_rate": 8.0, "magazine_size": 50, "reload_time": 3.0, "impact": 28.0, "spread_base": 0.2, "spread_sprint": 1.25, "spread_jump": 1.05, "spread_downsights": 0.75, "spread_standing": 0.9, "spread_crouching": 0.85, "fire_rate_burst": 0.0, "environment_damages": 23.0, "recoil_horizontal": 2.2, "recoil_vertical": 2.9, "recoil_max_angle": 25.0, "recoil_min_angle": -25.0, "recoil_downsights": 0.6, "last_update": "2020-06-05T08:59:21.495Z"}}, {"model": "app.weapondetail", "pk": 52, "fields": {"detail_level": 1, "weapon_id": 20, "damage": 100, "damage_head": 250.0, "fire_rate": 0.33, "magazine_size": 1, "reload_time": 3.2, "impact": 342.0, "spread_base": 1.25, "spread_sprint": 1.0, "spread_jump": 1.0, "spread_downsights": 0.0, "spread_standing": 0.4, "spread_crouching": 1.0, "fire_rate_burst": 0.0, "environment_damages": 100.0, "recoil_horizontal": 0.0, "recoil_vertical": 5.25, "recoil_max_angle": 25.0, "recoil_min_angle": -25.0, "recoil_downsights": 0.4, "last_update": "2020-06-05T08:59:21.500Z"}}, {"model": "app.weapondetail", "pk": 53, "fields": {"detail_level": 2, "weapon_id": 20, "damage": 105, "damage_head": 262.5, "fire_rate": 0.33, "magazine_size": 1, "reload_time": 3.0, "impact": 360.0, "spread_base": 1.25, "spread_sprint": 1.0, "spread_jump": 1.0, "spread_downsights": 0.0, "spread_standing": 0.4, "spread_crouching": 1.0, "fire_rate_burst": 0.0, "environment_damages": 105.0, "recoil_horizontal": 0.0, "recoil_vertical": 5.0, "recoil_max_angle": 25.0, "recoil_min_angle": -25.0, "recoil_downsights": 0.4, "last_update": "2020-06-05T08:59:21.504Z"}}, {"model": "app.weapondetail", "pk": 54, "fields": {"detail_level": 3, "weapon_id": 20, "damage": 110, "damage_head": 275.0, "fire_rate": 0.33, "magazine_size": 1, "reload_time": 2.3, "impact": 378.0, "spread_base": 1.25, "spread_sprint": 1.0, "spread_jump": 1.0, "spread_downsights": 0.0, "spread_standing": 0.4, "spread_crouching": 1.0, "fire_rate_burst": 0.0, "environment_damages": 110.0, "recoil_horizontal": 0.0, "recoil_vertical": 4.75, "recoil_max_angle": 25.0, "recoil_min_angle": -25.0, "recoil_downsights": 0.4, "last_update": "2020-06-05T08:59:21.509Z"}}, {"model": "app.weapondetail", "pk": 55, "fields": {"detail_level": 4, "weapon_id": 20, "damage": 116, "damage_head": 290.0, "fire_rate": 0.33, "magazine_size": 1, "reload_time": 2.5, "impact": 396.0, "spread_base": 1.25, "spread_sprint": 1.0, "spread_jump": 1.0, "spread_downsights": 1.0, "spread_standing": 0.4, "spread_crouching": 1.0, "fire_rate_burst": 0.0, "environment_damages": 116.0, "recoil_horizontal": 0.0, "recoil_vertical": 4.5, "recoil_max_angle": 25.0, "recoil_min_angle": -24.0, "recoil_downsights": 0.4, "last_update": "2020-06-05T08:59:21.513Z"}}, {"model": "app.weapondetail", "pk": 56, "fields": {"detail_level": 1, "weapon_id": 21, "damage": 75, "damage_head": 187.5, "fire_rate": 1.2, "magazine_size": 10, "reload_time": 2.5, "impact": 105.0, "spread_base": 0.4, "spread_sprint": 1.0, "spread_jump": 1.0, "spread_downsights": 0.0, "spread_standing": 0.4, "spread_crouching": 1.0, "fire_rate_burst": 0.0, "environment_damages": 75.0, "recoil_horizontal": 0.0, "recoil_vertical": 4.0375, "recoil_max_angle": 25.0, "recoil_min_angle": -25.0, "recoil_downsights": 0.5, "last_update": "2020-06-05T08:59:21.517Z"}}, {"model": "app.weapondetail", "pk": 57, "fields": {"detail_level": 2, "weapon_id": 21, "damage": 78, "damage_head": 195.0, "fire_rate": 1.2, "magazine_size": 10, "reload_time": 2.3, "impact": 110.0, "spread_base": 0.4, "spread_sprint": 1.0, "spread_jump": 1.0, "spread_downsights": 0.0, "spread_standing": 0.4, "spread_crouching": 1.0, "fire_rate_burst": 0.0, "environment_damages": 78.0, "recoil_horizontal": 0.0, "recoil_vertical": 3.825, "recoil_max_angle": 25.0, "recoil_min_angle": -25.0, "recoil_downsights": 0.5, "last_update": "2020-06-05T08:59:21.522Z"}}, {"model": "app.weapondetail", "pk": 58, "fields": {"detail_level": 2, "weapon_id": 22, "damage": 86, "damage_head": 215.0, "fire_rate": 0.8, "magazine_size": 1, "reload_time": 1.9, "impact": 285.0, "spread_base": 0.15, "spread_sprint": 1.25, "spread_jump": 1.05, "spread_downsights": 0.05, "spread_standing": 0.7, "spread_crouching": 1.0, "fire_rate_burst": 0.0, "environment_damages": 86.0, "recoil_horizontal": 0.0, "recoil_vertical": 5.25, "recoil_max_angle": 25.0, "recoil_min_angle": -25.0, "recoil_downsights": 0.4, "last_update": "2020-06-05T08:59:21.526Z"}}, {"model": "app.weapondetail", "pk": 59, "fields": {"detail_level": 3, "weapon_id": 22, "damage": 90, "damage_head": 225.0, "fire_rate": 0.8, "magazine_size": 1, "reload_time": 1.8, "impact": 300.0, "spread_base": 0.15, "spread_sprint": 1.25, "spread_jump": 1.05, "spread_downsights": 0.05, "spread_standing": 0.7, "spread_crouching": 1.0, "fire_rate_burst": 0.0, "environment_damages": 90.0, "recoil_horizontal": 0.0, "recoil_vertical": 5.0, "recoil_max_angle": 25.0, "recoil_min_angle": -25.0, "recoil_downsights": 0.4, "last_update": "2020-06-05T08:59:21.531Z"}}, {"model": "app.weapondetail", "pk": 60, "fields": {"detail_level": 1, "weapon_id": 23, "damage": 85, "damage_head": 85.0, "fire_rate": 75.0, "magazine_size": 1, "reload_time": 4.1, "impact": 1900.0, "spread_base": 2.5, "spread_sprint": 1.0, "spread_jump": 1.0, "spread_downsights": 1.0, "spread_standing": 1.0, "spread_crouching": 1.0, "fire_rate_burst": 0.0, "environment_damages": 285.0, "recoil_horizontal": 1.5, "recoil_vertical": 5.175, "recoil_max_angle": 25.0, "recoil_min_angle": -25.0, "recoil_downsights": 0.5, "last_update": "2020-06-05T08:59:21.536Z"}}, {"model": "app.weapondetail", "pk": 61, "fields": {"detail_level": 2, "weapon_id": 23, "damage": 100, "damage_head": 100.0, "fire_rate": 0.75, "magazine_size": 1, "reload_time": 3.6, "impact": 2000.0, "spread_base": 2.5, "spread_sprint": 1.0, "spread_jump": 1.0, "spread_downsights": 1.0, "spread_standing": 1.0, "spread_crouching": 1.0, "fire_rate_burst": 0.0, "environment_damages": 300.0, "recoil_horizontal": 1.5, "recoil_vertical": 4.5, "recoil_max_angle": 25.0, "recoil_min_angle": -25.0, "recoil_downsights": 0.5, "last_update": "2020-06-05T08:59:21.540Z"}}, {"model": "app.weapondetail", "pk": 62, "fields": {"detail_level": 3, "weapon_id": 23, "damage": 115, "damage_head": 115.0, "fire_rate": 0.75, "magazine_size": 1, "reload_time": 3.1, "impact": 2100.0, "spread_base": 2.5, "spread_sprint": 1.0, "spread_jump": 1.0, "spread_downsights": 1.0, "spread_standing": 1.0, "spread_crouching": 1.0, "fire_rate_burst": 0.0, "environment_damages": 315.0, "recoil_horizontal": 1.5, "recoil_vertical": 3.825, "recoil_max_angle": 25.0, "recoil_min_angle": -25.0, "recoil_downsights": 0.5, "last_update": "2020-06-05T08:59:21.545Z"}}, {"model": "app.weapondetail", "pk": 63, "fields": {"detail_level": 4, "weapon_id": 23, "damage": 130, "damage_head": 130.0, "fire_rate": 0.75, "magazine_size": 1, "reload_time": 2.5, "impact": 2200.0, "spread_base": 2.5, "spread_sprint": 1.0, "spread_jump": 1.0, "spread_downsights": 1.0, "spread_standing": 1.0, "spread_crouching": 1.0, "fire_rate_burst": 0.0, "environment_damages": 330.0, "recoil_horizontal": 1.5, "recoil_vertical": 3.15, "recoil_max_angle": 25.0, "recoil_min_angle": -25.0, "recoil_downsights": 0.5, "last_update": "2020-06-05T08:59:21.549Z"}}, {"model": "app.weapondetail", "pk": 64, "fields": {"detail_level": 1, "weapon_id": 24, "damage": 71, "damage_head": 71.0, "fire_rate": 0.75, "magazine_size": 6, "reload_time": 3.2, "impact": 713.0, "spread_base": 0.0, "spread_sprint": 1.0, "spread_jump": 1.0, "spread_downsights": 1.0, "spread_standing": 1.0, "spread_crouching": 1.0, "fire_rate_burst": 0.0, "environment_damages": 143.0, "recoil_horizontal": 2.5, "recoil_vertical": 11.55, "recoil_max_angle": 25.0, "recoil_min_angle": -25.0, "recoil_downsights": 0.75, "last_update": "2020-06-05T08:59:21.554Z"}}, {"model": "app.weapondetail", "pk": 65, "fields": {"detail_level": 2, "weapon_id": 24, "damage": 100, "damage_head": 100.0, "fire_rate": 1.0, "magazine_size": 6, "reload_time": 3.0, "impact": 750.0, "spread_base": 0.0, "spread_sprint": 1.0, "spread_jump": 1.0, "spread_downsights": 1.0, "spread_standing": 1.0, "spread_crouching": 1.0, "fire_rate_burst": 0.0, "environment_damages": 375.0, "recoil_horizontal": 2.5, "recoil_vertical": 11.0, "recoil_max_angle": 25.0, "recoil_min_angle": -25.0, "recoil_downsights": 0.75, "last_update": "2020-06-05T08:59:21.559Z"}}, {"model": "app.weapondetail", "pk": 66, "fields": {"detail_level": 3, "weapon_id": 24, "damage": 105, "damage_head": 105.0, "fire_rate": 1.0, "magazine_size": 6, "reload_time": 2.8, "impact": 788.0, "spread_base": 0.0, "spread_sprint": 1.0, "spread_jump": 1.0, "spread_downsights": 1.0, "spread_standing": 1.0, "spread_crouching": 1.0, "fire_rate_burst": 0.0, "environment_damages": 394.0, "recoil_horizontal": 2.5, "recoil_vertical": 10.45, "recoil_max_angle": 25.0, "recoil_min_angle": -25.0, "recoil_downsights": 0.75, "last_update": "2020-06-05T08:59:21.563Z"}}, {"model": "app.weapondetail", "pk": 67, "fields": {"detail_level": 4, "weapon_id": 24, "damage": 110, "damage_head": 110.0, "fire_rate": 1.0, "magazine_size": 6, "reload_time": 2.7, "impact": 788.0, "spread_base": 0.0, "spread_sprint": 1.0, "spread_jump": 1.0, "spread_downsights": 1.0, "spread_standing": 1.0, "spread_crouching": 1.0, "fire_rate_burst": 0.0, "environment_damages": 413.0, "recoil_horizontal": 2.5, "recoil_vertical": 9.9, "recoil_max_angle": 25.0, "recoil_min_angle": -25.0, "recoil_downsights": 0.75, "last_update": "2020-06-05T08:59:21.568Z"}}, {"model": "app.weapondetail", "pk": 68, "fields": {"detail_level": 3, "weapon_id": 25, "damage": 74, "damage_head": 74.0, "fire_rate": 0.75, "magazine_size": 1, "reload_time": 2.4, "impact": 2100.0, "spread_base": 2.5, "spread_sprint": 1.0, "spread_jump": 1.0, "spread_downsights": 1.0, "spread_standing": 0.8, "spread_crouching": 1.0, "fire_rate_burst": 0.0, "environment_damages": 420.0, "recoil_horizontal": 0.25, "recoil_vertical": 2.85, "recoil_max_angle": 25.0, "recoil_min_angle": -25.0, "recoil_downsights": 0.75, "last_update": "2020-06-05T08:59:21.572Z"}}, {"model": "app.weapondetail", "pk": 69, "fields": {"detail_level": 4, "weapon_id": 25, "damage": 77, "damage_head": 77.0, "fire_rate": 0.75, "magazine_size": 1, "reload_time": 2.2, "impact": 2200.0, "spread_base": 2.5, "spread_sprint": 1.0, "spread_jump": 1.0, "spread_downsights": 1.0, "spread_standing": 0.8, "spread_crouching": 1.0, "fire_rate_burst": 0.0, "environment_damages": 440.0, "recoil_horizontal": 0.25, "recoil_vertical": 2.7, "recoil_max_angle": 25.0, "recoil_min_angle": -25.0, "recoil_downsights": 0.5, "last_update": "2020-06-05T08:59:21.576Z"}}, {"model": "app.weapondetail", "pk": 70, "fields": {"detail_level": 3, "weapon_id": 26, "damage": 114, "damage_head": 178.75, "fire_rate": 1.9, "magazine_size": 2, "reload_time": 2.8, "impact": 52.5, "spread_base": 0.8, "spread_sprint": 1.1, "spread_jump": 1.0, "spread_downsights": 0.9, "spread_standing": 0.92, "spread_crouching": 0.85, "fire_rate_burst": 0.0, "environment_damages": 107.0, "recoil_horizontal": 2.0, "recoil_vertical": 4.75, "recoil_max_angle": 25.0, "recoil_min_angle": -25.0, "recoil_downsights": 0.85, "last_update": "2020-06-05T08:59:21.582Z"}}, {"model": "app.weapondetail", "pk": 71, "fields": {"detail_level": 4, "weapon_id": 26, "damage": 120, "damage_head": 187.5, "fire_rate": 1.9, "magazine_size": 2, "reload_time": 2.7, "impact": 55.0, "spread_base": 0.8, "spread_sprint": 1.1, "spread_jump": 1.0, "spread_downsights": 0.9, "spread_standing": 0.92, "spread_crouching": 1.0, "fire_rate_burst": 0.0, "environment_damages": 112.0, "recoil_horizontal": 2.0, "recoil_vertical": 4.5, "recoil_max_angle": 25.0, "recoil_min_angle": -25.0, "recoil_downsights": 0.85, "last_update": "2020-06-05T08:59:21.586Z"}}, {"model": "app.weapondetail", "pk": 72, "fields": {"detail_level": 3, "weapon_id": 27, "damage": 150, "damage_head": 375.0, "fire_rate": 0.33, "magazine_size": 1, "reload_time": 4.3, "impact": 378.0, "spread_base": 2.25, "spread_sprint": 1.0, "spread_jump": 1.0, "spread_downsights": 0.0, "spread_standing": 0.4, "spread_crouching": 1.0, "fire_rate_burst": 0.0, "environment_damages": 1050.0, "recoil_horizontal": 2.0, "recoil_vertical": 9.5, "recoil_max_angle": 25.0, "recoil_min_angle": -25.0, "recoil_downsights": 0.4, "last_update": "2020-06-05T08:59:21.591Z"}}, {"model": "app.weapondetail", "pk": 73, "fields": {"detail_level": 4, "weapon_id": 27, "damage": 157, "damage_head": 392.5, "fire_rate": 0.33, "magazine_size": 1, "reload_time": 4.1, "impact": 396.0, "spread_base": 2.25, "spread_sprint": 1.0, "spread_jump": 1.0, "spread_downsights": 0.0, "spread_standing": 0.4, "spread_crouching": 1.0, "fire_rate_burst": 0.0, "environment_damages": 1100.0, "recoil_horizontal": 2.0, "recoil_vertical": 9.0, "recoil_max_angle": 25.0, "recoil_min_angle": -25.0, "recoil_downsights": 0.4, "last_update": "2020-06-05T08:59:21.595Z"}}, {"model": "app.weapondetail", "pk": 74, "fields": {"detail_level": 3, "weapon_id": 28, "damage": 32, "damage_head": 64.0, "fire_rate": 5.5, "magazine_size": 30, "reload_time": 2.2, "impact": 29.0, "spread_base": 0.3, "spread_sprint": 1.5, "spread_jump": 1.25, "spread_downsights": 0.5, "spread_standing": 0.7, "spread_crouching": 0.8, "fire_rate_burst": 0.0, "environment_damages": 32.0, "recoil_horizontal": 0.25, "recoil_vertical": 3.325, "recoil_max_angle": 25.0, "recoil_min_angle": -25.0, "recoil_downsights": 0.5, "last_update": "2020-06-05T08:59:21.600Z"}}, {"model": "app.weapondetail", "pk": 75, "fields": {"detail_level": 4, "weapon_id": 28, "damage": 33, "damage_head": 66.0, "fire_rate": 5.5, "magazine_size": 30, "reload_time": 2.1, "impact": 31.0, "spread_base": 0.3, "spread_sprint": 1.5, "spread_jump": 1.25, "spread_downsights": 0.5, "spread_standing": 0.7, "spread_crouching": 0.8, "fire_rate_burst": 0.0, "environment_damages": 33.0, "recoil_horizontal": 0.25, "recoil_vertical": 3.15, "recoil_max_angle": 25.0, "recoil_min_angle": -25.0, "recoil_downsights": 0.5, "last_update": "2020-06-05T08:59:21.606Z"}}, {"model": "app.weapondetail", "pk": 76, "fields": {"detail_level": 3, "weapon_id": 29, "damage": 80, "damage_head": 80.0, "fire_rate": 1.0, "magazine_size": 4, "reload_time": 4.8, "impact": 2100.0, "spread_base": 2.5, "spread_sprint": 1.0, "spread_jump": 1.0, "spread_downsights": 1.0, "spread_standing": 1.0, "spread_crouching": 1.0, "fire_rate_burst": 0.0, "environment_damages": 315.0, "recoil_horizontal": 1.5, "recoil_vertical": 4.275, "recoil_max_angle": 25.0, "recoil_min_angle": -25.0, "recoil_downsights": 0.5, "last_update": "2020-06-05T08:59:21.612Z"}}, {"model": "app.weapondetail", "pk": 77, "fields": {"detail_level": 4, "weapon_id": 29, "damage": 84, "damage_head": 84.0, "fire_rate": 1.0, "magazine_size": 4, "reload_time": 4.5, "impact": 2200.0, "spread_base": 2.5, "spread_sprint": 1.0, "spread_jump": 1.0, "spread_downsights": 1.0, "spread_standing": 1.0, "spread_crouching": 1.0, "fire_rate_burst": 0.0, "environment_damages": 330.0, "recoil_horizontal": 1.5, "recoil_vertical": 4.05, "recoil_max_angle": 25.0, "recoil_min_angle": -25.0, "recoil_downsights": 0.5, "last_update": "2020-06-05T08:59:21.617Z"}}, {"model": "app.weapondetail", "pk": 78, "fields": {"detail_level": 1, "weapon_id": 30, "damage": 34, "damage_head": 68.0, "fire_rate": 5.0, "magazine_size": 6, "reload_time": 2.4, "impact": 95.0, "spread_base": 0.4, "spread_sprint": 1.25, "spread_jump": 1.25, "spread_downsights": 0.45, "spread_standing": 0.6, "spread_crouching": 0.9, "fire_rate_burst": 0.0, "environment_damages": 34.0, "recoil_horizontal": 0.3, "recoil_vertical": 3.15, "recoil_max_angle": 25.0, "recoil_min_angle": -25.0, "recoil_downsights": 0.5, "last_update": "2020-06-05T08:59:21.622Z"}}, {"model": "app.weapondetail", "pk": 79, "fields": {"detail_level": 2, "weapon_id": 30, "damage": 36, "damage_head": 72.0, "fire_rate": 5.0, "magazine_size": 6, "reload_time": 2.3, "impact": 100.0, "spread_base": 0.4, "spread_sprint": 1.25, "spread_jump": 1.25, "spread_downsights": 0.45, "spread_standing": 0.6, "spread_crouching": 0.9, "fire_rate_burst": 0.0, "environment_damages": 36.0, "recoil_horizontal": 0.3, "recoil_vertical": 3.0, "recoil_max_angle": 25.0, "recoil_min_angle": -25.0, "recoil_downsights": 0.55, "last_update": "2020-06-05T08:59:21.627Z"}}, {"model": "app.weapondetail", "pk": 80, "fields": {"detail_level": 3, "weapon_id": 30, "damage": 38, "damage_head": 76.0, "fire_rate": 5.0, "magazine_size": 6, "reload_time": 2.2, "impact": 105.0, "spread_base": 0.4, "spread_sprint": 1.25, "spread_jump": 1.25, "spread_downsights": 0.45, "spread_standing": 0.6, "spread_crouching": 0.9, "fire_rate_burst": 0.0, "environment_damages": 38.0, "recoil_horizontal": 0.3, "recoil_vertical": 2.85, "recoil_max_angle": 25.0, "recoil_min_angle": -25.0, "recoil_downsights": 0.55, "last_update": "2020-06-05T08:59:21.632Z"}}, {"model": "app.weapondetail", "pk": 81, "fields": {"detail_level": 0, "weapon_id": 31, "damage": 38, "damage_head": 88.0, "fire_rate": 3.75, "magazine_size": 25, "reload_time": 2.8, "impact": 28.0, "spread_base": 0.3, "spread_sprint": 1.5, "spread_jump": 1.25, "spread_downsights": 0.5, "spread_standing": 0.7, "spread_crouching": 0.8, "fire_rate_burst": 0.0, "environment_damages": 44.0, "recoil_horizontal": 0.5, "recoil_vertical": 5.0, "recoil_max_angle": 25.0, "recoil_min_angle": -25.0, "recoil_downsights": 0.5, "last_update": "2020-06-05T08:59:21.636Z"}}, {"model": "app.weapondetail", "pk": 82, "fields": {"detail_level": 1, "weapon_id": 31, "damage": 40, "damage_head": 92.0, "fire_rate": 3.75, "magazine_size": 25, "reload_time": 2.7, "impact": 29.0, "spread_base": 0.3, "spread_sprint": 1.5, "spread_jump": 1.25, "spread_downsights": 0.5, "spread_standing": 0.7, "spread_crouching": 0.8, "fire_rate_burst": 0.0, "environment_damages": 46.0, "recoil_horizontal": 0.5, "recoil_vertical": 4.75, "recoil_max_angle": 25.0, "recoil_min_angle": -25.0, "recoil_downsights": 0.5, "last_update": "2020-06-05T08:59:21.641Z"}}, {"model": "app.weapondetail", "pk": 83, "fields": {"detail_level": 2, "weapon_id": 31, "damage": 42, "damage_head": 96.0, "fire_rate": 3.75, "magazine_size": 25, "reload_time": 2.7, "impact": 31.0, "spread_base": 0.3, "spread_sprint": 1.5, "spread_jump": 1.25, "spread_downsights": 0.5, "spread_standing": 0.7, "spread_crouching": 0.8, "fire_rate_burst": 0.0, "environment_damages": 48.0, "recoil_horizontal": 0.5, "recoil_vertical": 4.5, "recoil_max_angle": 25.0, "recoil_min_angle": -25.0, "recoil_downsights": 0.5, "last_update": "2020-06-05T08:59:21.645Z"}}, {"model": "app.weapondetail", "pk": 84, "fields": {"detail_level": 3, "weapon_id": 32, "damage": 32, "damage_head": 64.0, "fire_rate": 4.91, "magazine_size": 30, "reload_time": 2.5, "impact": 46.0, "spread_base": 0.175, "spread_sprint": 1.3, "spread_jump": 1.1, "spread_downsights": 0.6, "spread_standing": 0.55, "spread_crouching": 0.8, "fire_rate_burst": 0.0, "environment_damages": 32.0, "recoil_horizontal": 0.25, "recoil_vertical": 1.6625, "recoil_max_angle": 25.0, "recoil_min_angle": -25.0, "recoil_downsights": 0.5, "last_update": "2020-06-05T08:59:21.650Z"}}, {"model": "app.weapondetail", "pk": 85, "fields": {"detail_level": 4, "weapon_id": 32, "damage": 33, "damage_head": 66.0, "fire_rate": 4.91, "magazine_size": 30, "reload_time": 2.3, "impact": 48.0, "spread_base": 0.175, "spread_sprint": 1.3, "spread_jump": 1.1, "spread_downsights": 0.6, "spread_standing": 0.55, "spread_crouching": 0.8, "fire_rate_burst": 0.0, "environment_damages": 33.0, "recoil_horizontal": 0.25, "recoil_vertical": 1.575, "recoil_max_angle": 25.0, "recoil_min_angle": -25.0, "recoil_downsights": 0.5, "last_update": "2020-06-05T08:59:21.654Z"}}, {"model": "app.weapondetail", "pk": 86, "fields": {"detail_level": 3, "weapon_id": 33, "damage": 42, "damage_head": 84.0, "fire_rate": 1.6, "magazine_size": 6, "reload_time": 2.1, "impact": 158.0, "spread_base": 1.0, "spread_sprint": 1.25, "spread_jump": 1.15, "spread_downsights": 0.0, "spread_standing": 0.85, "spread_crouching": 0.8, "fire_rate_burst": 0.0, "environment_damages": 42.0, "recoil_horizontal": 0.75, "recoil_vertical": 5.7, "recoil_max_angle": 25.0, "recoil_min_angle": -25.0, "recoil_downsights": 1.0, "last_update": "2020-06-05T08:59:21.659Z"}}, {"model": "app.weapondetail", "pk": 87, "fields": {"detail_level": 4, "weapon_id": 33, "damage": 44, "damage_head": 88.0, "fire_rate": 1.6, "magazine_size": 6, "reload_time": 2.0, "impact": 165.0, "spread_base": 1.0, "spread_sprint": 1.25, "spread_jump": 1.15, "spread_downsights": 0.0, "spread_standing": 0.85, "spread_crouching": 0.8, "fire_rate_burst": 0.0, "environment_damages": 44.0, "recoil_horizontal": 0.75, "recoil_vertical": 5.4, "recoil_max_angle": 25.0, "recoil_min_angle": -25.0, "recoil_downsights": 1.0, "last_update": "2020-06-05T08:59:21.663Z"}}, {"model": "app.weapondetail", "pk": 88, "fields": {"detail_level": 3, "weapon_id": 34, "damage": 100, "damage_head": 225.0, "fire_rate": 0.33, "magazine_size": 1, "reload_time": 2.85, "impact": 300.0, "spread_base": 0.15, "spread_sprint": 1.25, "spread_jump": 1.05, "spread_downsights": 0.05, "spread_standing": 0.7, "spread_crouching": 1.0, "fire_rate_burst": 0.0, "environment_damages": 100.0, "recoil_horizontal": 0.0, "recoil_vertical": 5.0, "recoil_max_angle": 25.0, "recoil_min_angle": -25.0, "recoil_downsights": 0.4, "last_update": "2020-06-05T08:59:21.668Z"}}, {"model": "app.weapondetail", "pk": 89, "fields": {"detail_level": 4, "weapon_id": 34, "damage": 105, "damage_head": 230.0, "fire_rate": 0.33, "magazine_size": 1, "reload_time": 2.7, "impact": 300.0, "spread_base": 0.15, "spread_sprint": 1.25, "spread_jump": 1.05, "spread_downsights": 0.05, "spread_standing": 0.7, "spread_crouching": 1.0, "fire_rate_burst": 0.0, "environment_damages": 105.0, "recoil_horizontal": 0.0, "recoil_vertical": 4.75, "recoil_max_angle": 25.0, "recoil_min_angle": -25.0, "recoil_downsights": 0.4, "last_update": "2020-06-05T08:59:21.673Z"}}, {"model": "app.weapondetail", "pk": 90, "fields": {"detail_level": 1, "weapon_id": 35, "damage": 38, "damage_head": 86.0, "fire_rate": 4.0, "magazine_size": 8, "reload_time": 2.4, "impact": 200.0, "spread_base": 0.15, "spread_sprint": 1.25, "spread_jump": 1.05, "spread_downsights": 0.05, "spread_standing": 0.7, "spread_crouching": 1.0, "fire_rate_burst": 0.0, "environment_damages": 43.0, "recoil_horizontal": 0.0, "recoil_vertical": 4.75, "recoil_max_angle": 25.0, "recoil_min_angle": -25.0, "recoil_downsights": 0.4, "last_update": "2020-06-05T08:59:21.677Z"}}, {"model": "app.weapondetail", "pk": 91, "fields": {"detail_level": 2, "weapon_id": 35, "damage": 40, "damage_head": 90.0, "fire_rate": 4.0, "magazine_size": 8, "reload_time": 2.3, "impact": 200.0, "spread_base": 0.15, "spread_sprint": 1.25, "spread_jump": 1.05, "spread_downsights": 0.05, "spread_standing": 0.7, "spread_crouching": 1.0, "fire_rate_burst": 0.0, "environment_damages": 45.0, "recoil_horizontal": 0.0, "recoil_vertical": 4.75, "recoil_max_angle": 25.0, "recoil_min_angle": -25.0, "recoil_downsights": 0.4, "last_update": "2020-06-05T08:59:21.682Z"}}, {"model": "app.weapondetail", "pk": 92, "fields": {"detail_level": 3, "weapon_id": 35, "damage": 42, "damage_head": 93.0, "fire_rate": 4.0, "magazine_size": 8, "reload_time": 2.2, "impact": 200.0, "spread_base": 0.15, "spread_sprint": 1.25, "spread_jump": 1.05, "spread_downsights": 0.05, "spread_standing": 0.7, "spread_crouching": 1.0, "fire_rate_burst": 0.0, "environment_damages": 45.0, "recoil_horizontal": 0.0, "recoil_vertical": 4.75, "recoil_max_angle": 25.0, "recoil_min_angle": -25.0, "recoil_downsights": 0.4, "last_update": "2020-06-05T08:59:21.686Z"}}, {"model": "app.weapondetail", "pk": 93, "fields": {"detail_level": 4, "weapon_id": 35, "damage": 44, "damage_head": 95.0, "fire_rate": 4.0, "magazine_size": 8, "reload_time": 2.0, "impact": 200.0, "spread_base": 0.15, "spread_sprint": 1.25, "spread_jump": 1.05, "spread_downsights": 0.05, "spread_standing": 0.7, "spread_crouching": 1.0, "fire_rate_burst": 0.0, "environment_damages": 45.0, "recoil_horizontal": 0.0, "recoil_vertical": 4.75, "recoil_max_angle": 25.0, "recoil_min_angle": -25.0, "recoil_downsights": 0.4, "last_update": "2020-06-05T08:59:21.691Z"}}, {"model": "app.weapondetail", "pk": 94, "fields": {"detail_level": 0, "weapon_id": 36, "damage": 86, "damage_head": 100.0, "fire_rate": 0.33, "magazine_size": 16, "reload_time": 3.0, "impact": 86.0, "spread_base": 0.25, "spread_sprint": 1.25, "spread_jump": 1.1, "spread_downsights": 0.6, "spread_standing": 0.85, "spread_crouching": 0.8, "fire_rate_burst": 0.0, "environment_damages": 131.0, "recoil_horizontal": 0.2, "recoil_vertical": 3.3, "recoil_max_angle": 25.0, "recoil_min_angle": -25.0, "recoil_downsights": 0.6, "last_update": "2020-06-05T08:59:21.695Z"}}, {"model": "app.weapondetail", "pk": 95, "fields": {"detail_level": 1, "weapon_id": 36, "damage": 90, "damage_head": 110.0, "fire_rate": 0.33, "magazine_size": 16, "reload_time": 3.0, "impact": 86.0, "spread_base": 0.25, "spread_sprint": 1.25, "spread_jump": 1.1, "spread_downsights": 0.6, "spread_standing": 0.85, "spread_crouching": 0.8, "fire_rate_burst": 0.0, "environment_damages": 138.0, "recoil_horizontal": 0.2, "recoil_vertical": 3.3, "recoil_max_angle": 25.0, "recoil_min_angle": -25.0, "recoil_downsights": 0.6, "last_update": "2020-06-05T08:59:21.699Z"}}, {"model": "app.weapondetail", "pk": 96, "fields": {"detail_level": 2, "weapon_id": 37, "damage": 73, "damage_head": 109.0, "fire_rate": 1.85, "magazine_size": 10, "reload_time": 5.3, "impact": 68.0, "spread_base": 0.25, "spread_sprint": 1.25, "spread_jump": 1.1, "spread_downsights": 0.6, "spread_standing": 0.85, "spread_crouching": 0.8, "fire_rate_burst": 0.0, "environment_damages": 45.0, "recoil_horizontal": 0.2, "recoil_vertical": 3.3, "recoil_max_angle": 25.0, "recoil_min_angle": -25.0, "recoil_downsights": 0.6, "last_update": "2020-06-05T08:59:21.705Z"}}, {"model": "app.weapondetail", "pk": 97, "fields": {"detail_level": 3, "weapon_id": 37, "damage": 77, "damage_head": 115.0, "fire_rate": 1.85, "magazine_size": 10, "reload_time": 5.0, "impact": 69.0, "spread_base": 0.25, "spread_sprint": 1.25, "spread_jump": 1.1, "spread_downsights": 0.6, "spread_standing": 0.85, "spread_crouching": 0.8, "fire_rate_burst": 0.0, "environment_damages": 48.0, "recoil_horizontal": 0.2, "recoil_vertical": 3.3, "recoil_max_angle": 25.0, "recoil_min_angle": -25.0, "recoil_downsights": 0.6, "last_update": "2020-06-05T08:59:21.710Z"}}, {"model": "app.weapondetail", "pk": 98, "fields": {"detail_level": 4, "weapon_id": 37, "damage": 80, "damage_head": 120.0, "fire_rate": 1.85, "magazine_size": 10, "reload_time": 4.7, "impact": 70.0, "spread_base": 0.25, "spread_sprint": 1.25, "spread_jump": 1.1, "spread_downsights": 0.6, "spread_standing": 0.85, "spread_crouching": 0.8, "fire_rate_burst": 0.0, "environment_damages": 50.0, "recoil_horizontal": 0.2, "recoil_vertical": 3.3, "recoil_max_angle": 25.0, "recoil_min_angle": -25.0, "recoil_downsights": 0.6, "last_update": "2020-06-05T08:59:21.714Z"}}, {"model": "app.weapondetail", "pk": 99, "fields": {"detail_level": 2, "weapon_id": 38, "damage": 22, "damage_head": 39.0, "fire_rate": 7.0, "magazine_size": 30, "reload_time": 2.2, "impact": 18.0, "spread_base": 0.25, "spread_sprint": 1.25, "spread_jump": 1.1, "spread_downsights": 0.6, "spread_standing": 0.85, "spread_crouching": 0.8, "fire_rate_burst": 0.0, "environment_damages": 22.0, "recoil_horizontal": 0.2, "recoil_vertical": 3.3, "recoil_max_angle": 25.0, "recoil_min_angle": -25.0, "recoil_downsights": 0.6, "last_update": "2020-06-05T08:59:21.720Z"}}, {"model": "app.weapondetail", "pk": 100, "fields": {"detail_level": 3, "weapon_id": 38, "damage": 23, "damage_head": 40.0, "fire_rate": 7.0, "magazine_size": 30, "reload_time": 2.09, "impact": 18.0, "spread_base": 0.25, "spread_sprint": 1.25, "spread_jump": 1.1, "spread_downsights": 0.6, "spread_standing": 0.85, "spread_crouching": 0.8, "fire_rate_burst": 0.0, "environment_damages": 23.0, "recoil_horizontal": 0.2, "recoil_vertical": 3.3, "recoil_max_angle": 25.0, "recoil_min_angle": -25.0, "recoil_downsights": 0.6, "last_update": "2020-06-05T08:59:21.727Z"}}, {"model": "app.weapondetail", "pk": 101, "fields": {"detail_level": 4, "weapon_id": 38, "damage": 24, "damage_head": 42.0, "fire_rate": 7.0, "magazine_size": 30, "reload_time": 1.98, "impact": 18.0, "spread_base": 0.25, "spread_sprint": 1.25, "spread_jump": 1.1, "spread_downsights": 0.6, "spread_standing": 0.85, "spread_crouching": 0.8, "fire_rate_burst": 0.0, "environment_damages": 24.0, "recoil_horizontal": 0.2, "recoil_vertical": 3.3, "recoil_max_angle": 25.0, "recoil_min_angle": -25.0, "recoil_downsights": 0.6, "last_update": "2020-06-05T08:59:21.732Z"}}, {"model": "app.weapondetail", "pk": 102, "fields": {"detail_level": 0, "weapon_id": 39, "damage": 24, "damage_head": 40.25, "fire_rate": 7.5, "magazine_size": 24, "reload_time": 2.47, "impact": 24.0, "spread_base": 0.25, "spread_sprint": 1.25, "spread_jump": 1.1, "spread_downsights": 0.6, "spread_standing": 0.85, "spread_crouching": 0.8, "fire_rate_burst": 0.0, "environment_damages": 24.0, "recoil_horizontal": 0.2, "recoil_vertical": 3.3, "recoil_max_angle": 25.0, "recoil_min_angle": -25.0, "recoil_downsights": 0.6, "last_update": "2020-06-05T08:59:21.737Z"}}, {"model": "app.weapondetail", "pk": 103, "fields": {"detail_level": 1, "weapon_id": 39, "damage": 25, "damage_head": 43.75, "fire_rate": 7.5, "magazine_size": 24, "reload_time": 2.36, "impact": 25.0, "spread_base": 0.25, "spread_sprint": 1.25, "spread_jump": 1.1, "spread_downsights": 0.6, "spread_standing": 0.85, "spread_crouching": 0.8, "fire_rate_burst": 0.0, "environment_damages": 25.0, "recoil_horizontal": 0.2, "recoil_vertical": 3.3, "recoil_max_angle": 25.0, "recoil_min_angle": -25.0, "recoil_downsights": 0.6, "last_update": "2020-06-05T08:59:21.741Z"}}, {"model": "app.weapondetail", "pk": 104, "fields": {"detail_level": 2, "weapon_id": 39, "damage": 26, "damage_head": 45.5, "fire_rate": 7.5, "magazine_size": 24, "reload_time": 2.25, "impact": 26.0, "spread_base": 0.25, "spread_sprint": 1.25, "spread_jump": 1.1, "spread_downsights": 0.6, "spread_standing": 0.85, "spread_crouching": 0.8, "fire_rate_burst": 0.0, "environment_damages": 26.0, "recoil_horizontal": 0.2, "recoil_vertical": 3.3, "recoil_max_angle": 25.0, "recoil_min_angle": -25.0, "recoil_downsights": 0.6, "last_update": "2020-06-05T08:59:21.746Z"}}, {"model": "app.weapondetail", "pk": 105, "fields": {"detail_level": 3, "weapon_id": 40, "damage": 67, "damage_head": 67.0, "fire_rate": 0.65, "magazine_size": 2, "reload_time": 3.0, "impact": 131.0, "spread_base": 0.25, "spread_sprint": 1.25, "spread_jump": 1.1, "spread_downsights": 0.6, "spread_standing": 0.85, "spread_crouching": 0.8, "fire_rate_burst": 0.0, "environment_damages": 131.0, "recoil_horizontal": 0.2, "recoil_vertical": 3.3, "recoil_max_angle": 25.0, "recoil_min_angle": -25.0, "recoil_downsights": 0.6, "last_update": "2020-06-05T08:59:21.751Z"}}, {"model": "app.weapondetail", "pk": 106, "fields": {"detail_level": 4, "weapon_id": 40, "damage": 70, "damage_head": 67.0, "fire_rate": 0.65, "magazine_size": 2, "reload_time": 2.8, "impact": 131.0, "spread_base": 0.25, "spread_sprint": 1.25, "spread_jump": 1.1, "spread_downsights": 0.6, "spread_standing": 0.85, "spread_crouching": 0.8, "fire_rate_burst": 0.0, "environment_damages": 131.0, "recoil_horizontal": 0.2, "recoil_vertical": 3.3, "recoil_max_angle": 25.0, "recoil_min_angle": -25.0, "recoil_downsights": 0.6, "last_update": "2020-06-05T08:59:21.756Z"}}, {"model": "app.weapondetail", "pk": 107, "fields": {"detail_level": 0, "weapon_id": 41, "damage": 45, "damage_head": 45.0, "fire_rate": 4.0, "magazine_size": 12, "reload_time": 4.7, "impact": 45.0, "spread_base": 0.25, "spread_sprint": 1.25, "spread_jump": 1.1, "spread_downsights": 0.6, "spread_standing": 0.85, "spread_crouching": 0.8, "fire_rate_burst": 0.0, "environment_damages": 45.0, "recoil_horizontal": 0.2, "recoil_vertical": 3.3, "recoil_max_angle": 25.0, "recoil_min_angle": -25.0, "recoil_downsights": 0.6, "last_update": "2020-06-05T08:59:21.761Z"}}, {"model": "app.weapondetail", "pk": 108, "fields": {"detail_level": 1, "weapon_id": 41, "damage": 47, "damage_head": 47.0, "fire_rate": 4.0, "magazine_size": 12, "reload_time": 4.5, "impact": 47.0, "spread_base": 0.25, "spread_sprint": 1.25, "spread_jump": 1.1, "spread_downsights": 0.6, "spread_standing": 0.85, "spread_crouching": 0.8, "fire_rate_burst": 0.0, "environment_damages": 47.0, "recoil_horizontal": 0.2, "recoil_vertical": 3.3, "recoil_max_angle": 25.0, "recoil_min_angle": -25.0, "recoil_downsights": 0.6, "last_update": "2020-06-05T08:59:21.765Z"}}, {"model": "app.weapondetail", "pk": 109, "fields": {"detail_level": 2, "weapon_id": 41, "damage": 50, "damage_head": 50.0, "fire_rate": 4.0, "magazine_size": 12, "reload_time": 4.3, "impact": 50.0, "spread_base": 0.25, "spread_sprint": 1.25, "spread_jump": 1.1, "spread_downsights": 0.6, "spread_standing": 0.85, "spread_crouching": 0.8, "fire_rate_burst": 0.0, "environment_damages": 50.0, "recoil_horizontal": 0.2, "recoil_vertical": 3.3, "recoil_max_angle": 25.0, "recoil_min_angle": -25.0, "recoil_downsights": 0.6, "last_update": "2020-06-05T08:59:21.769Z"}}, {"model": "app.weapondetail", "pk": 110, "fields": {"detail_level": 3, "weapon_id": 42, "damage": 81, "damage_head": 202.0, "fire_rate": 0.9, "magazine_size": 6, "reload_time": 2.85, "impact": 105.0, "spread_base": 0.25, "spread_sprint": 1.25, "spread_jump": 1.1, "spread_downsights": 0.6, "spread_standing": 0.85, "spread_crouching": 0.8, "fire_rate_burst": 0.0, "environment_damages": 105.0, "recoil_horizontal": 0.2, "recoil_vertical": 3.3, "recoil_max_angle": 25.0, "recoil_min_angle": -25.0, "recoil_downsights": 0.6, "last_update": "2020-06-05T08:59:21.774Z"}}, {"model": "app.weapondetail", "pk": 111, "fields": {"detail_level": 4, "weapon_id": 42, "damage": 85, "damage_head": 212.0, "fire_rate": 0.9, "magazine_size": 6, "reload_time": 2.7, "impact": 110.0, "spread_base": 0.25, "spread_sprint": 1.25, "spread_jump": 1.1, "spread_downsights": 0.6, "spread_standing": 0.85, "spread_crouching": 0.8, "fire_rate_burst": 0.0, "environment_damages": 110.0, "recoil_horizontal": 0.2, "recoil_vertical": 3.3, "recoil_max_angle": 25.0, "recoil_min_angle": -25.0, "recoil_downsights": 0.6, "last_update": "2020-06-05T08:59:21.778Z"}}, {"model": "app.weapondetail", "pk": 112, "fields": {"detail_level": 2, "weapon_id": 43, "damage": 40, "damage_head": 62.0, "fire_rate": 4.0, "magazine_size": 16, "reload_time": 3.8, "impact": 40.0, "spread_base": 1.0, "spread_sprint": 1.0, "spread_jump": 1.0, "spread_downsights": 11.0, "spread_standing": 1.0, "spread_crouching": 1.0, "fire_rate_burst": 0.0, "environment_damages": 40.0, "recoil_horizontal": 1.0, "recoil_vertical": 1.0, "recoil_max_angle": 1.0, "recoil_min_angle": 1.0, "recoil_downsights": 1.0, "last_update": "2020-06-05T08:59:21.783Z"}}, {"model": "app.weapondetail", "pk": 113, "fields": {"detail_level": 3, "weapon_id": 43, "damage": 42, "damage_head": 66.0, "fire_rate": 4.0, "magazine_size": 16, "reload_time": 3.6, "impact": 42.0, "spread_base": 1.0, "spread_sprint": 1.0, "spread_jump": 1.0, "spread_downsights": 1.0, "spread_standing": 1.0, "spread_crouching": 1.0, "fire_rate_burst": 0.0, "environment_damages": 42.0, "recoil_horizontal": 1.0, "recoil_vertical": 1.0, "recoil_max_angle": 1.0, "recoil_min_angle": 1.0, "recoil_downsights": 1.0, "last_update": "2020-06-05T08:59:21.787Z"}}, {"model": "app.weapondetail", "pk": 114, "fields": {"detail_level": 4, "weapon_id": 43, "damage": 44, "damage_head": 70.0, "fire_rate": 4.0, "magazine_size": 6, "reload_time": 3.4, "impact": 44.0, "spread_base": 1.0, "spread_sprint": 1.0, "spread_jump": 1.0, "spread_downsights": 1.0, "spread_standing": 1.0, "spread_crouching": 1.0, "fire_rate_burst": 0.0, "environment_damages": 44.0, "recoil_horizontal": 1.0, "recoil_vertical": 1.0, "recoil_max_angle": 1.0, "recoil_min_angle": 1.0, "recoil_downsights": 1.0, "last_update": "2020-06-05T08:59:21.792Z"}}, {"model": "app.weapondetail", "pk": 115, "fields": {"detail_level": 1, "weapon_id": 44, "damage": 18, "damage_head": 36.0, "fire_rate": 13.0, "magazine_size": 35, "reload_time": 2.4, "impact": 18.0, "spread_base": 1.0, "spread_sprint": 1.0, "spread_jump": 1.0, "spread_downsights": 1.0, "spread_standing": 1.0, "spread_crouching": 1.0, "fire_rate_burst": 0.0, "environment_damages": 18.0, "recoil_horizontal": 1.0, "recoil_vertical": 1.0, "recoil_max_angle": 1.0, "recoil_min_angle": 1.0, "recoil_downsights": 1.0, "last_update": "2020-06-05T08:59:21.796Z"}}, {"model": "app.weapondetail", "pk": 116, "fields": {"detail_level": 2, "weapon_id": 44, "damage": 19, "damage_head": 28.0, "fire_rate": 13.0, "magazine_size": 35, "reload_time": 2.29, "impact": 19.0, "spread_base": 1.0, "spread_sprint": 1.0, "spread_jump": 1.0, "spread_downsights": 1.0, "spread_standing": 1.0, "spread_crouching": 1.0, "fire_rate_burst": 0.0, "environment_damages": 19.0, "recoil_horizontal": 1.0, "recoil_vertical": 1.0, "recoil_max_angle": 1.0, "recoil_min_angle": 1.0, "recoil_downsights": 1.0, "last_update": "2020-06-05T08:59:21.801Z"}}, {"model": "app.weapondetail", "pk": 117, "fields": {"detail_level": 3, "weapon_id": 44, "damage": 20, "damage_head": 40.0, "fire_rate": 13.0, "magazine_size": 35, "reload_time": 2.18, "impact": 20.0, "spread_base": 1.0, "spread_sprint": 1.0, "spread_jump": 1.0, "spread_downsights": 1.0, "spread_standing": 1.0, "spread_crouching": 1.0, "fire_rate_burst": 0.0, "environment_damages": 20.0, "recoil_horizontal": 1.0, "recoil_vertical": 1.0, "recoil_max_angle": 1.0, "recoil_min_angle": 1.0, "recoil_downsights": 1.0, "last_update": "2020-06-05T08:59:21.807Z"}}, {"model": "app.weapondetail", "pk": 118, "fields": {"detail_level": 4, "weapon_id": 44, "damage": 21, "damage_head": 42.0, "fire_rate": 13.0, "magazine_size": 35, "reload_time": 2.07, "impact": 21.0, "spread_base": 1.0, "spread_sprint": 1.0, "spread_jump": 1.0, "spread_downsights": 1.0, "spread_standing": 1.0, "spread_crouching": 1.0, "fire_rate_burst": 0.0, "environment_damages": 21.0, "recoil_horizontal": 1.0, "recoil_vertical": 1.0, "recoil_max_angle": 1.0, "recoil_min_angle": 1.0, "recoil_downsights": 1.0, "last_update": "2020-06-05T08:59:21.811Z"}}, {"model": "app.itemgroup", "pk": 1, "fields": {"name": "EXPLOSIVES"}}, {"model": "app.itemgroup", "pk": 2, "fields": {"name": "SHIELDS"}}, {"model": "app.itemgroup", "pk": 3, "fields": {"name": "MISC"}}, {"model": "app.itemgroup", "pk": 4, "fields": {"name": "TRAPS"}}, {"model": "app.itemgroup", "pk": 5, "fields": {"name": "COSMETICS"}}, {"model": "app.itemgroup", "pk": 6, "fields": {"name": "TOOLS"}}, {"model": "app.itemgroup", "pk": 7, "fields": {"name": "UNDEFINED"}}, {"model": "app.item", "pk": 1, "fields": {"name": "Explosive Grenade", "variants": 0, "image": "explosive-gre.png", "group": 1, "is_removed": false, "is_incomplete": false, "last_update": "2020-06-05T08:59:21.834Z"}}, {"model": "app.item", "pk": 2, "fields": {"name": "Clinger", "variants": 1, "image": "clinger.png", "group": 1, "is_removed": true, "is_incomplete": false, "last_update": "2020-06-05T08:59:21.838Z"}}, {"model": "app.item", "pk": 3, "fields": {"name": "Remote Explosives", "variants": 3, "image": "remote-explosive.png", "group": 1, "is_removed": false, "is_incomplete": false, "last_update": "2020-06-05T08:59:21.842Z"}}, {"model": "app.item", "pk": 4, "fields": {"name": "Stink Bomb", "variants": 2, "image": "stink-bomb.png", "group": 1, "is_removed": true, "is_incomplete": false, "last_update": "2020-06-05T08:59:21.845Z"}}, {"model": "app.item", "pk": 5, "fields": {"name": "Medium Shield", "variants": 2, "image": "shield-50.png", "group": 2, "is_removed": false, "is_incomplete": false, "last_update": "2020-06-05T08:59:21.849Z"}}, {"model": "app.item", "pk": 6, "fields": {"name": "Small Shield", "variants": 1, "image": "shield-25.png", "group": 2, "is_removed": false, "is_incomplete": false, "last_update": "2020-06-05T08:59:21.852Z"}}, {"model": "app.item", "pk": 7, "fields": {"name": "Slurp Juice", "variants": 3, "image": "slurp-juice.png", "group": 2, "is_removed": true, "is_incomplete": false, "last_update": "2020-06-05T08:59:21.856Z"}}, {"model": "app.item", "pk": 8, "fields": {"name": "Chug Juice", "variants": 4, "image": "chug-juice.png", "group": 2, "is_removed": true, "is_incomplete": false, "last_update": "2020-06-05T08:59:21.859Z"}}, {"model": "app.item", "pk": 9, "fields": {"name": "Bandages", "variants": 0, "image": "bandages.png", "group": 3, "is_removed": false, "is_incomplete": false, "last_update": "2020-06-05T08:59:21.863Z"}}, {"model": "app.item", "pk": 10, "fields": {"name": "Medikit", "variants": 1, "image": "medikit.png", "group": 3, "is_removed": false, "is_incomplete": false, "last_update": "2020-06-05T08:59:21.866Z"}}, {"model": "app.item", "pk": 11, "fields": {"name": "Boogie Bomb", "variants": 2, "image": "boogie-bomb.png", "group": 4, "is_removed": true, "is_incomplete": false, "last_update": "2020-06-05T08:59:21.870Z"}}, {"model": "app.item", "pk": 12, "fields": {"name": "Impulse Grenade", "variants": 2, "image": "impulse-grenade.png", "group": 4, "is_removed": false, "is_incomplete": false, "last_update": "2020-06-05T08:59:21.874Z"}}, {"model": "app.item", "pk": 13, "fields": {"name": "Port-A-Fort", "variants": 2, "image": "port-a-fort.png", "group": 4, "is_removed": true, "is_incomplete": false, "last_update": "2020-06-05T08:59:21.878Z"}}, {"model": "app.item", "pk": 14, "fields": {"name": "Bouncer Trap", "variants": 2, "image": "bouncer-trap.png", "group": 5, "is_removed": true, "is_incomplete": false, "last_update": "2020-06-05T08:59:21.881Z"}}, {"model": "app.item", "pk": 15, "fields": {"name": "Cozy Campfire", "variants": 2, "image": "campfire.png", "group": 5, "is_removed": true, "is_incomplete": false, "last_update": "2020-06-05T08:59:21.885Z"}}, {"model": "app.item", "pk": 16, "fields": {"name": "Damage Trap", "variants": 2, "image": "damage-trap.png", "group": 5, "is_removed": true, "is_incomplete": false, "last_update": "2020-06-05T08:59:21.889Z"}}, {"model": "app.item", "pk": 17, "fields": {"name": "Launch Pad", "variants": 3, "image": "launchpad.png", "group": 5, "is_removed": false, "is_incomplete": false, "last_update": "2020-06-05T08:59:21.892Z"}}, {"model": "app.item", "pk": 18, "fields": {"name": "Bush", "variants": 4, "image": "bush.png", "group": 6, "is_removed": true, "is_incomplete": false, "last_update": "2020-06-05T08:59:21.896Z"}}, {"model": "app.item", "pk": 19, "fields": {"name": "Rift-To-Go", "variants": 3, "image": "rift.png", "group": 4, "is_removed": true, "is_incomplete": false, "last_update": "2020-06-05T08:59:21.900Z"}}, {"model": "app.item", "pk": 20, "fields": {"name": "Shockwave Grenade", "variants": 3, "image": "shock_gre.png", "group": 4, "is_removed": false, "is_incomplete": false, "last_update": "2020-06-05T08:59:21.904Z"}}, {"model": "app.item", "pk": 21, "fields": {"name": "Grappler", "variants": 3, "image": "grappler.png", "group": 7, "is_removed": true, "is_incomplete": false, "last_update": "2020-06-05T08:59:21.908Z"}}, {"model": "app.item", "pk": 22, "fields": {"name": "Port-a-Fortress", "variants": 4, "image": "forteress.png", "group": 4, "is_removed": true, "is_incomplete": false, "last_update": "2020-06-05T08:59:21.912Z"}}, {"model": "app.item", "pk": 23, "fields": {"name": "Chiller Trap", "variants": 0, "image": "chiller.png", "group": 5, "is_removed": true, "is_incomplete": false, "last_update": "2020-06-05T08:59:21.915Z"}}, {"model": "app.item", "pk": 24, "fields": {"name": "Dynamite", "variants": 1, "image": "dynamite.png", "group": 1, "is_removed": true, "is_incomplete": false, "last_update": "2020-06-05T08:59:21.919Z"}}, {"model": "app.item", "pk": 25, "fields": {"name": "BoomBox", "variants": 3, "image": "boomBox.png", "group": 1, "is_removed": true, "is_incomplete": false, "last_update": "2020-06-05T08:59:21.923Z"}}, {"model": "app.item", "pk": 26, "fields": {"name": "Mounted Turret", "variants": 4, "image": "turret.png", "group": 5, "is_removed": true, "is_incomplete": false, "last_update": "2020-06-05T08:59:21.926Z"}}, {"model": "app.item", "pk": 27, "fields": {"name": "Baloon", "variants": 2, "image": "baloon.png", "group": 6, "is_removed": true, "is_incomplete": false, "last_update": "2020-06-05T08:59:21.930Z"}}, {"model": "app.item", "pk": 28, "fields": {"name": "Sneaky Snowman", "variants": 0, "image": "sneaky_snowman.png", "group": 6, "is_removed": false, "is_incomplete": false, "last_update": "2020-06-05T08:59:21.934Z"}}, {"model": "app.item", "pk": 29, "fields": {"name": "Chiller Grenade", "variants": 0, "image": "chiller_grenade.png", "group": 4, "is_removed": true, "is_incomplete": false, "last_update": "2020-06-05T08:59:21.937Z"}}, {"model": "app.item", "pk": 30, "fields": {"name": "Bottle Rockets", "variants": 1, "image": "bottle_rockets.png", "group": 4, "is_removed": true, "is_incomplete": false, "last_update": "2020-06-05T08:59:21.941Z"}}, {"model": "app.item", "pk": 31, "fields": {"name": "Poison Dart Trap", "variants": 1, "image": "poison_trap.png", "group": 5, "is_removed": true, "is_incomplete": false, "last_update": "2020-06-05T08:59:21.945Z"}}, {"model": "app.item", "pk": 32, "fields": {"name": "Shadow Bomb", "variants": 1, "image": "shadow-bomb.png", "group": 1, "is_removed": true, "is_incomplete": false, "last_update": "2020-06-05T08:59:21.949Z"}}, {"model": "app.item", "pk": 33, "fields": {"name": "Storm Flip", "variants": 2, "image": "Storm-flip.png", "group": 4, "is_removed": true, "is_incomplete": false, "last_update": "2020-06-05T08:59:21.953Z"}}, {"model": "app.item", "pk": 34, "fields": {"name": "Chug Splash", "variants": 2, "image": "chug_splash.png", "group": 1, "is_removed": true, "is_incomplete": false, "last_update": "2020-06-05T08:59:21.956Z"}}, {"model": "app.item", "pk": 35, "fields": {"name": "Air Strike", "variants": 4, "image": "air_strike.png", "group": 1, "is_removed": true, "is_incomplete": false, "last_update": "2020-06-05T08:59:21.960Z"}}, {"model": "app.item", "pk": 36, "fields": {"name": "Junk Rift", "variants": 3, "image": "junk-rift.png", "group": 6, "is_removed": true, "is_incomplete": false, "last_update": "2020-06-05T08:59:21.964Z"}}, {"model": "app.item", "pk": 37, "fields": {"name": "Shield Bubble", "variants": 1, "image": "shield-bubble.png", "group": 3, "is_removed": true, "is_incomplete": false, "last_update": "2020-06-05T08:59:21.968Z"}}, {"model": "app.item", "pk": 38, "fields": {"name": "Zapper Trap", "variants": 3, "image": "zapper-trap.png", "group": 4, "is_removed": true, "is_incomplete": false, "last_update": "2020-06-05T08:59:21.971Z"}}, {"model": "app.item", "pk": 39, "fields": {"name": "Harpoon Gun", "variants": 2, "image": "harpoon.png", "group": 7, "is_removed": false, "is_incomplete": false, "last_update": "2020-06-05T08:59:21.975Z"}}, {"model": "app.locationitem", "pk": 1, "fields": {"location": "EXPLOSIVES"}}, {"model": "app.locationitem", "pk": 2, "fields": {"location": "Ground"}}, {"model": "app.locationitem", "pk": 3, "fields": {"location": "Chests"}}, {"model": "app.locationitem", "pk": 4, "fields": {"location": "Lamas"}}, {"model": "app.locationitem", "pk": 5, "fields": {"location": "Supply"}}, {"model": "app.locationitem", "pk": 6, "fields": {"location": "Vending"}}, {"model": "app.locationitem", "pk": 7, "fields": {"location": "Not specified yet"}}, {"model": "app.locationitem", "pk": 8, "fields": {"location": "Fishing Barrels"}}, {"model": "app.itemdetail", "pk": 1, "fields": {"item_id": 1, "is_heal": false, "is_explosive": true, "heal": 0, "shield": 0, "delay": 0.0, "damages": 105, "capacity": 10, "comment": "", "last_update": "2020-06-05T08:59:21.991Z", "location": [1, 2, 3]}}, {"model": "app.itemdetail", "pk": 2, "fields": {"item_id": 2, "is_heal": false, "is_explosive": true, "heal": 0, "shield": 0, "delay": 0.0, "damages": 100, "capacity": 6, "comment": "Since 5.3, they will be affected by gravity.", "last_update": "2020-06-05T08:59:22.008Z", "location": [1, 2, 4]}}, {"model": "app.itemdetail", "pk": 3, "fields": {"item_id": 3, "is_heal": false, "is_explosive": true, "heal": 0, "shield": 0, "delay": 0.0, "damages": 600, "capacity": 6, "comment": "", "last_update": "2020-06-05T08:59:22.022Z", "location": [1, 2, 4]}}, {"model": "app.itemdetail", "pk": 4, "fields": {"item_id": 4, "is_heal": false, "is_explosive": true, "heal": 0, "shield": 0, "delay": 0.0, "damages": 10, "capacity": 6, "comment": "9s of duration.", "last_update": "2020-06-05T08:59:22.036Z", "location": [1, 2, 4]}}, {"model": "app.itemdetail", "pk": 5, "fields": {"item_id": 5, "is_heal": true, "is_explosive": false, "heal": 0, "shield": 50, "delay": 5.0, "damages": 0, "capacity": 3, "comment": "", "last_update": "2020-06-05T08:59:22.055Z", "location": [1, 2, 3, 4]}}, {"model": "app.itemdetail", "pk": 6, "fields": {"item_id": 6, "is_heal": true, "is_explosive": false, "heal": 0, "shield": 25, "delay": 2.0, "damages": 0, "capacity": 6, "comment": "", "last_update": "2020-06-05T08:59:22.070Z", "location": [1, 2, 4]}}, {"model": "app.itemdetail", "pk": 7, "fields": {"item_id": 7, "is_heal": true, "is_explosive": false, "heal": 75, "shield": 75, "delay": 2.0, "damages": 0, "capacity": 2, "comment": "Since 5.1 if health is full, shield will be granted instead.", "last_update": "2020-06-05T08:59:22.089Z", "location": [1, 2, 3, 4]}}, {"model": "app.itemdetail", "pk": 8, "fields": {"item_id": 8, "is_heal": true, "is_explosive": false, "heal": 100, "shield": 100, "delay": 15.0, "damages": 0, "capacity": 1, "comment": "", "last_update": "2020-06-05T08:59:22.101Z", "location": [2, 4]}}, {"model": "app.itemdetail", "pk": 9, "fields": {"item_id": 9, "is_heal": true, "is_explosive": false, "heal": 15, "shield": 0, "delay": 4.0, "damages": 0, "capacity": 15, "comment": "", "last_update": "2020-06-05T08:59:22.113Z", "location": [1, 2]}}, {"model": "app.itemdetail", "pk": 10, "fields": {"item_id": 10, "is_heal": true, "is_explosive": false, "heal": 100, "shield": 0, "delay": 10.0, "damages": 0, "capacity": 3, "comment": "", "last_update": "2020-06-05T08:59:22.129Z", "location": [1, 2, 4]}}, {"model": "app.itemdetail", "pk": 11, "fields": {"item_id": 11, "is_heal": false, "is_explosive": true, "heal": 0, "shield": 0, "delay": 0.0, "damages": 0, "capacity": 1, "comment": "5s of duration.", "last_update": "2020-06-05T08:59:22.137Z", "location": [2]}}, {"model": "app.itemdetail", "pk": 12, "fields": {"item_id": 12, "is_heal": false, "is_explosive": true, "heal": 0, "shield": 0, "delay": 0.0, "damages": 0, "capacity": 11, "comment": "4.1% of chance to get one on each location.", "last_update": "2020-06-05T08:59:22.149Z", "location": [2, 4]}}, {"model": "app.itemdetail", "pk": 13, "fields": {"item_id": 13, "is_heal": false, "is_explosive": true, "heal": 0, "shield": 0, "delay": 0.0, "damages": 0, "capacity": 1, "comment": "3.3% of chance to get one.", "last_update": "2020-06-05T08:59:22.157Z", "location": [2]}}, {"model": "app.itemdetail", "pk": 14, "fields": {"item_id": 14, "is_heal": false, "is_explosive": true, "heal": 0, "shield": 0, "delay": 0.0, "damages": 0, "capacity": 0, "comment": "0.5% on ground, 15.1% on drop.", "last_update": "2020-06-05T08:59:22.169Z", "location": [1, 4]}}, {"model": "app.itemdetail", "pk": 15, "fields": {"item_id": 15, "is_heal": true, "is_explosive": false, "heal": 50, "shield": 0, "delay": 25.0, "damages": 0, "capacity": 0, "comment": "7.5% of chance to get one.", "last_update": "2020-06-05T08:59:22.181Z", "location": [1, 4]}}, {"model": "app.itemdetail", "pk": 16, "fields": {"item_id": 16, "is_heal": false, "is_explosive": true, "heal": 0, "shield": 0, "delay": 25.0, "damages": 150, "capacity": 0, "comment": "5s of reload time.", "last_update": "2020-06-05T08:59:22.189Z", "location": [1]}}, {"model": "app.itemdetail", "pk": 17, "fields": {"item_id": 17, "is_heal": false, "is_explosive": true, "heal": 0, "shield": 0, "delay": 0.0, "damages": 0, "capacity": 0, "comment": "0.32% on ground, 9.6% on Drop.", "last_update": "2020-06-05T08:59:22.201Z", "location": [1, 4]}}, {"model": "app.itemdetail", "pk": 18, "fields": {"item_id": 18, "is_heal": false, "is_explosive": true, "heal": 0, "shield": 0, "delay": 0.0, "damages": 0, "capacity": 1, "comment": "3s of delay.", "last_update": "2020-06-05T08:59:22.209Z", "location": [1]}}, {"model": "app.itemdetail", "pk": 19, "fields": {"item_id": 19, "is_heal": true, "is_explosive": true, "heal": 0, "shield": 0, "delay": 10.0, "damages": 0, "capacity": 2, "comment": "When activated, you are teleported into the sky and placed in skydiving mode.", "last_update": "2020-06-05T08:59:22.229Z", "location": [2, 3, 4, 5]}}, {"model": "app.itemdetail", "pk": 20, "fields": {"item_id": 20, "is_heal": true, "is_explosive": true, "heal": 0, "shield": 0, "delay": 0.0, "damages": 0, "capacity": 2, "comment": "", "last_update": "2020-06-05T08:59:22.249Z", "location": [2, 3, 4, 5]}}, {"model": "app.itemdetail", "pk": 21, "fields": {"item_id": 21, "is_heal": false, "is_explosive": true, "heal": 0, "shield": 0, "delay": 0.0, "damages": 0, "capacity": 10, "comment": "", "last_update": "2020-06-05T08:59:22.274Z", "location": [1, 2, 3, 4, 5]}}, {"model": "app.itemdetail", "pk": 22, "fields": {"item_id": 22, "is_heal": false, "is_explosive": true, "heal": 0, "shield": 0, "delay": 0.0, "damages": 0, "capacity": 1, "comment": "It's huge!", "last_update": "2020-06-05T08:59:22.293Z", "location": [2, 3, 4, 5]}}, {"model": "app.itemdetail", "pk": 23, "fields": {"item_id": 23, "is_heal": false, "is_explosive": true, "heal": 0, "shield": 0, "delay": 0.0, "damages": 0, "capacity": 3, "comment": "Applies icy feet to friends or foes, causing them to slide around with low friction.", "last_update": "2020-06-05T08:59:22.316Z", "location": [1, 2, 3, 4, 5]}}, {"model": "app.itemdetail", "pk": 24, "fields": {"item_id": 24, "is_heal": false, "is_explosive": true, "heal": 0, "shield": 0, "delay": 0.0, "damages": 70, "capacity": 10, "comment": "", "last_update": "2020-06-05T08:59:22.338Z", "location": [1, 2, 3, 4, 5]}}, {"model": "app.itemdetail", "pk": 25, "fields": {"item_id": 25, "is_heal": false, "is_explosive": true, "heal": 0, "shield": 0, "delay": 0.0, "damages": 200, "capacity": 6, "comment": "Only harm structures.", "last_update": "2020-06-05T08:59:22.361Z", "location": [1, 2, 3, 4, 5]}}, {"model": "app.itemdetail", "pk": 26, "fields": {"item_id": 26, "is_heal": false, "is_explosive": true, "heal": 0, "shield": 0, "delay": 5.0, "damages": 150, "capacity": 6, "comment": "", "last_update": "2020-06-05T08:59:22.377Z", "location": [2, 3, 4]}}, {"model": "app.itemdetail", "pk": 27, "fields": {"item_id": 27, "is_heal": false, "is_explosive": true, "heal": 0, "shield": 0, "delay": 0.0, "damages": 0, "capacity": 10, "comment": "", "last_update": "2020-06-05T08:59:22.396Z", "location": [1, 2, 3, 4]}}, {"model": "app.itemdetail", "pk": 28, "fields": {"item_id": 28, "is_heal": false, "is_explosive": true, "heal": 0, "shield": 0, "delay": 3.4, "damages": 0, "capacity": 10, "comment": "", "last_update": "2020-06-05T08:59:22.412Z", "location": [1, 3, 4]}}, {"model": "app.itemdetail", "pk": 29, "fields": {"item_id": 29, "is_heal": false, "is_explosive": true, "heal": 0, "shield": 0, "delay": 7.0, "damages": 0, "capacity": 6, "comment": "", "last_update": "2020-06-05T08:59:22.423Z", "location": [1, 5]}}, {"model": "app.itemdetail", "pk": 30, "fields": {"item_id": 30, "is_heal": false, "is_explosive": true, "heal": 0, "shield": 0, "delay": 9.0, "damages": 40, "capacity": 2, "comment": "Only 2 in the same time", "last_update": "2020-06-05T08:59:22.432Z", "location": [6]}}, {"model": "app.itemdetail", "pk": 31, "fields": {"item_id": 31, "is_heal": false, "is_explosive": true, "heal": 0, "shield": 0, "delay": 7.0, "damages": 80, "capacity": 10, "comment": "10 damages per tick / 8 over 7 seconds. ", "last_update": "2020-06-05T08:59:22.440Z", "location": [1]}}, {"model": "app.itemdetail", "pk": 32, "fields": {"item_id": 32, "is_heal": false, "is_explosive": true, "heal": 0, "shield": 0, "delay": 6.0, "damages": 0, "capacity": 6, "comment": "Become invisible to enemies, increasing your speed, and allowing the ability to perform double jumps.", "last_update": "2020-06-05T08:59:22.460Z", "location": [1, 2, 3, 4]}}, {"model": "app.itemdetail", "pk": 33, "fields": {"item_id": 33, "is_heal": false, "is_explosive": true, "heal": 0, "shield": 0, "delay": 20.0, "damages": 5, "capacity": 1, "comment": "Create a safe zone inside a storm, or a storm zone where the tempest is not there.", "last_update": "2020-06-05T08:59:22.475Z", "location": [1, 2, 5]}}, {"model": "app.itemdetail", "pk": 34, "fields": {"item_id": 34, "is_heal": true, "is_explosive": false, "heal": 20, "shield": 0, "delay": 0.0, "damages": 0, "capacity": 6, "comment": "Create a safe zone inside a storm, or a storm zone where the tempest is not there.", "last_update": "2020-06-05T08:59:22.494Z", "location": [1, 2, 4, 5]}}, {"model": "app.itemdetail", "pk": 35, "fields": {"item_id": 35, "is_heal": false, "is_explosive": true, "heal": 0, "shield": 0, "delay": 8.0, "damages": 75, "capacity": 2, "comment": "20 missiles will rain down on the surrounding area that damage and destroy any nearby players or structures.", "last_update": "2020-06-05T08:59:22.517Z", "location": [1, 2, 3, 4, 5]}}, {"model": "app.itemdetail", "pk": 36, "fields": {"item_id": 36, "is_heal": false, "is_explosive": true, "heal": 0, "shield": 0, "delay": 0.0, "damages": 200, "capacity": 4, "comment": "A throwable item that breaks on contact and spawns a large object in the sky that plummets to the ground.", "last_update": "2020-06-05T08:59:22.537Z", "location": [1, 2, 3, 4]}}, {"model": "app.itemdetail", "pk": 37, "fields": {"item_id": 37, "is_heal": true, "is_explosive": false, "heal": 0, "shield": 400, "delay": 3.0, "damages": 0, "capacity": 2, "comment": "Creates a large bubble that blocks projectiles and explosives. However, players can still run through it.", "last_update": "2020-06-05T08:59:22.557Z", "location": [1, 2, 4, 5]}}, {"model": "app.itemdetail", "pk": 38, "fields": {"item_id": 38, "is_heal": false, "is_explosive": true, "heal": 0, "shield": 0, "delay": 1.0, "damages": 50, "capacity": 4, "comment": "", "last_update": "2020-06-05T08:59:22.580Z", "location": [1, 2, 3, 4, 5]}}, {"model": "app.itemdetail", "pk": 39, "fields": {"item_id": 39, "is_heal": false, "is_explosive": true, "heal": 0, "shield": 0, "delay": 1.0, "damages": 75, "capacity": 1, "comment": "Yoink the competition away with this new item! 10 Uses", "last_update": "2020-06-05T08:59:22.603Z", "location": [1, 2, 3, 4, 7]}}]