[{"model": "app.version", "pk": 4, "fields": {"season": 2, "version": 11.31}}, {"model": "app.weapongroup", "pk": 0, "fields": {"name": "ASSAULT_RIFFLE"}}, {"model": "app.weapongroup", "pk": 1, "fields": {"name": "SHOTGUNS"}}, {"model": "app.weapongroup", "pk": 2, "fields": {"name": "PISTOLS"}}, {"model": "app.weapongroup", "pk": 3, "fields": {"name": "SMGS"}}, {"model": "app.weapongroup", "pk": 4, "fields": {"name": "DRUM"}}, {"model": "app.weapongroup", "pk": 5, "fields": {"name": "SNIPERS"}}, {"model": "app.weapongroup", "pk": 6, "fields": {"name": "LAUNCHERS"}}, {"model": "app.weapon", "pk": 0, "fields": {"name": "Assault Rifle (Burst)", "variants": 0, "image": "ar-burst.png", "group": 0, "is_removed": false, "is_incomplete": false, "last_update": "2019-12-22T13:47:43.901Z"}}, {"model": "app.weapon", "pk": 1, "fields": {"name": "Assault Rifle (M4)", "variants": 0, "image": "ar-m4.png", "group": 0, "is_removed": false, "is_incomplete": false, "last_update": "2019-12-22T12:30:38.091Z"}}, {"model": "app.weapon", "pk": 2, "fields": {"name": "Assault Rifle (SCAR)", "variants": 3, "image": "ar-scar.png", "group": 0, "is_removed": false, "is_incomplete": false, "last_update": "2019-12-22T12:30:38.095Z"}}, {"model": "app.weapon", "pk": 3, "fields": {"name": "Assault Rifle (Scoped)", "variants": 1, "image": "ar-scope.png", "group": 0, "is_removed": true, "is_incomplete": false, "last_update": "2019-12-22T13:46:29.550Z"}}, {"model": "app.weapon", "pk": 4, "fields": {"name": "Light Machine Gun", "variants": 2, "image": "ar-lmg.png", "group": 0, "is_removed": true, "is_incomplete": false, "last_update": "2019-12-22T12:30:38.100Z"}}, {"model": "app.weapon", "pk": 5, "fields": {"name": "Minigun", "variants": 3, "image": "ar-minigun.png", "group": 0, "is_removed": true, "is_incomplete": false, "last_update": "2019-12-22T13:46:45.889Z"}}, {"model": "app.weapon", "pk": 6, "fields": {"name": "Thermal Scope Assault Rifle", "variants": 3, "image": "ar-heatscope.png", "group": 0, "is_removed": true, "is_incomplete": false, "last_update": "2019-12-22T12:30:38.106Z"}}, {"model": "app.weapon", "pk": 7, "fields": {"name": "Heavy Shotgun", "variants": 3, "image": "pump-hvy.png", "group": 1, "is_removed": true, "is_incomplete": false, "last_update": "2019-12-22T12:30:38.109Z"}}, {"model": "app.weapon", "pk": 8, "fields": {"name": "Pump Shotgun", "variants": 1, "image": "pumpV2.png", "group": 1, "is_removed": false, "is_incomplete": false, "last_update": "2019-12-22T12:30:38.111Z"}}, {"model": "app.weapon", "pk": 9, "fields": {"name": "Tactical Shotgun", "variants": 0, "image": "pump-tactical.png", "group": 1, "is_removed": false, "is_incomplete": false, "last_update": "2019-12-22T12:30:38.114Z"}}, {"model": "app.weapon", "pk": 10, "fields": {"name": "Pistol", "variants": 0, "image": "pistol.png", "group": 2, "is_removed": false, "is_incomplete": false, "last_update": "2019-12-22T12:30:38.118Z"}}, {"model": "app.weapon", "pk": 11, "fields": {"name": "Revolver", "variants": 0, "image": "revolver.png", "group": 2, "is_removed": true, "is_incomplete": false, "last_update": "2019-12-22T13:42:50.373Z"}}, {"model": "app.weapon", "pk": 12, "fields": {"name": "Suppressed Pistol", "variants": 3, "image": "pistol-supp.png", "group": 2, "is_removed": false, "is_incomplete": false, "last_update": "2019-12-22T12:30:38.125Z"}}, {"model": "app.weapon", "pk": 13, "fields": {"name": "Hand Cannon", "variants": 3, "image": "pistol-cannon.png", "group": 2, "is_removed": true, "is_incomplete": false, "last_update": "2019-12-22T13:44:13.360Z"}}, {"model": "app.weapon", "pk": 14, "fields": {"name": "Dual Pistol", "variants": 3, "image": "pistol-2x.png", "group": 2, "is_removed": true, "is_incomplete": false, "last_update": "2019-12-22T12:30:38.131Z"}}, {"model": "app.weapon", "pk": 15, "fields": {"name": "Suppressed SMG", "variants": 0, "image": "suppressed-subgun.png", "group": 3, "is_removed": true, "is_incomplete": false, "last_update": "2019-12-22T13:46:12.193Z"}}, {"model": "app.weapon", "pk": 16, "fields": {"name": "SMG", "variants": 0, "image": "SMG.png", "group": 3, "is_removed": true, "is_incomplete": false, "last_update": "2019-12-22T12:30:38.137Z"}}, {"model": "app.weapon", "pk": 17, "fields": {"name": "Compact SMG", "variants": 3, "image": "smg-compact.png", "group": 3, "is_removed": true, "is_incomplete": false, "last_update": "2019-12-22T12:30:38.139Z"}}, {"model": "app.weapon", "pk": 18, "fields": {"name": "Drum Gun", "variants": 1, "image": "drum-gun.png", "group": 4, "is_removed": true, "is_incomplete": false, "last_update": "2019-12-22T12:30:38.143Z"}}, {"model": "app.weapon", "pk": 19, "fields": {"name": "Bolt-Action Sniper Rifle", "variants": 2, "image": "scope.png", "group": 5, "is_removed": false, "is_incomplete": false, "last_update": "2019-12-22T12:30:38.146Z"}}, {"model": "app.weapon", "pk": 20, "fields": {"name": "Semi-Auto Sniper Rifle", "variants": 2, "image": "auto-scope.png", "group": 5, "is_removed": true, "is_incomplete": false, "last_update": "2019-12-22T12:30:38.149Z"}}, {"model": "app.weapon", "pk": 21, "fields": {"name": "Hunting Rifle", "variants": 1, "image": "hunting-scope.png", "group": 5, "is_removed": false, "is_incomplete": false, "last_update": "2019-12-22T12:54:04.128Z"}}, {"model": "app.weapon", "pk": 22, "fields": {"name": "Rocket Launcher", "variants": 2, "image": "rocket.png", "group": 6, "is_removed": false, "is_incomplete": false, "last_update": "2019-12-22T12:30:38.155Z"}}, {"model": "app.weapon", "pk": 23, "fields": {"name": "Grenade Launcher", "variants": 2, "image": "grenade-launcher.png", "group": 6, "is_removed": false, "is_incomplete": false, "last_update": "2019-12-22T12:30:38.157Z"}}, {"model": "app.weapon", "pk": 24, "fields": {"name": "Guided Missile", "variants": 3, "image": "guided-rocket.png", "group": 6, "is_removed": true, "is_incomplete": false, "last_update": "2019-12-22T12:30:38.160Z"}}, {"model": "app.weapon", "pk": 25, "fields": {"name": "Double Barrel Shotgun", "variants": 3, "image": "2x-pump.png", "group": 1, "is_removed": false, "is_incomplete": false, "last_update": "2019-12-22T12:53:46.857Z"}}, {"model": "app.weapon", "pk": 26, "fields": {"name": "Heavy Sniper", "variants": 3, "image": "hvy-sniper.png", "group": 5, "is_removed": true, "is_incomplete": false, "last_update": "2019-12-22T13:44:28.909Z"}}, {"model": "app.weapon", "pk": 27, "fields": {"name": "Suppressed AR", "variants": 4, "image": "suppressed-ar.png", "group": 0, "is_removed": true, "is_incomplete": false, "last_update": "2019-12-22T12:30:38.168Z"}}, {"model": "app.weapon", "pk": 28, "fields": {"name": "Quad Launcher", "variants": 3, "image": "quad-launch.png", "group": 6, "is_removed": true, "is_incomplete": false, "last_update": "2019-12-22T12:30:38.171Z"}}, {"model": "app.weapon", "pk": 29, "fields": {"name": "Six Shooter", "variants": 1, "image": "six-shoot.png", "group": 2, "is_removed": false, "is_incomplete": false, "last_update": "2019-12-22T12:53:56.164Z"}}, {"model": "app.weapon", "pk": 30, "fields": {"name": "Heavy Assault Rifle", "variants": 0, "image": "heavy-ar.png", "group": 0, "is_removed": true, "is_incomplete": false, "last_update": "2019-12-22T13:46:52.264Z"}}, {"model": "app.weapon", "pk": 31, "fields": {"name": "Assault Rifle (Burst Rare)", "variants": 3, "image": "famas.png", "group": 0, "is_removed": false, "is_incomplete": false, "last_update": "2019-12-22T13:47:46.772Z"}}, {"model": "app.weapon", "pk": 32, "fields": {"name": "Scoped Revolver", "variants": 3, "image": "scoped_revolver.png", "group": 2, "is_removed": true, "is_incomplete": false, "last_update": "2019-12-22T12:30:38.185Z"}}, {"model": "app.weapon", "pk": 33, "fields": {"name": "Suppressed Sniper", "variants": 3, "image": "Suppressed_sniper.png", "group": 5, "is_removed": true, "is_incomplete": false, "last_update": "2019-12-22T12:30:38.187Z"}}, {"model": "app.weapon", "pk": 34, "fields": {"name": "Infantry Rifle", "variants": 1, "image": "inf_rifle.png", "group": 0, "is_removed": true, "is_incomplete": false, "last_update": "2019-12-22T13:46:20.936Z"}}, {"model": "app.weapon", "pk": 35, "fields": {"name": "Flint-Knock Pistol", "variants": 0, "image": "flint.png", "group": 2, "is_removed": true, "is_incomplete": false, "last_update": "2019-12-22T13:44:18.598Z"}}, {"model": "app.weapon", "pk": 36, "fields": {"name": "Combat Shotgun", "variants": 2, "image": "combat-shotgun.png", "group": 1, "is_removed": false, "is_incomplete": false, "last_update": "2019-12-22T12:30:38.197Z"}}, {"model": "app.weapon", "pk": 37, "fields": {"name": "Tactical Assault Rifle", "variants": 2, "image": "tactical-ar.png", "group": 0, "is_removed": true, "is_incomplete": false, "last_update": "2019-12-22T12:30:38.200Z"}}, {"model": "app.weapon", "pk": 38, "fields": {"name": "Burst SMG", "variants": 0, "image": "Burst-smg.png", "group": 3, "is_removed": false, "is_incomplete": false, "last_update": "2019-12-22T13:16:00.578Z"}}, {"model": "app.weapon", "pk": 39, "fields": {"name": "Proximity Grenade Launcher", "variants": 3, "image": "Proximity_grenade_lu.png", "group": 6, "is_removed": true, "is_incomplete": false, "last_update": "2019-12-22T14:19:46.020Z"}}, {"model": "app.weapon", "pk": 40, "fields": {"name": "Drum Shotgun", "variants": 0, "image": "Drum-Shotgun.png", "group": 1, "is_removed": false, "is_incomplete": false, "last_update": "2019-12-22T12:30:38.208Z"}}, {"model": "app.weapon", "pk": 41, "fields": {"name": "Storm Scout Sniper Rifle", "variants": 3, "image": "storm_scout.png", "group": 5, "is_removed": true, "is_incomplete": false, "last_update": "2019-12-22T13:02:58.813Z"}}, {"model": "app.weapon", "pk": 42, "fields": {"name": "Auto Sniper Rifle", "variants": 2, "image": "auto-sniper.png", "group": 5, "is_removed": true, "is_incomplete": true, "last_update": "2019-12-22T12:45:04.084Z"}}, {"model": "app.weapon", "pk": 43, "fields": {"name": "Tactical SMG", "variants": 1, "image": "tactical-smg.png", "group": 3, "is_removed": true, "is_incomplete": true, "last_update": "2019-12-22T13:21:27.492Z"}}, {"model": "app.weapondetail", "pk": 1, "fields": {"detail_level": 0, "weapon_id": 0, "damage": 27, "damage_head": 54.0, "fire_rate": 4.91, "magazine_size": 30, "reload_time": 2.9, "impact": 40.0, "spread_base": 0.175, "spread_sprint": 1.5, "spread_jump": 1.25, "spread_downsights": 0.65, "spread_standing": 0.55, "spread_crouching": 0.75, "fire_rate_burst": 0.0, "environment_damages": 27.0, "recoil_horizontal": 0.25, "recoil_vertical": 1.925, "recoil_max_angle": 25.0, "recoil_min_angle": -25.0, "recoil_downsights": 0.5, "last_update": "2019-12-22T13:49:37.016Z"}}, {"model": "app.weapondetail", "pk": 2, "fields": {"detail_level": 1, "weapon_id": 0, "damage": 29, "damage_head": 58.0, "fire_rate": 4.91, "magazine_size": 30, "reload_time": 2.7, "impact": 42.0, "spread_base": 0.175, "spread_sprint": 1.5, "spread_jump": 1.25, "spread_downsights": 0.65, "spread_standing": 0.55, "spread_crouching": 0.75, "fire_rate_burst": 0.0, "environment_damages": 29.0, "recoil_horizontal": 0.25, "recoil_vertical": 1.8375, "recoil_max_angle": 25.0, "recoil_min_angle": -25.0, "recoil_downsights": 0.5, "last_update": "2019-12-22T13:49:41.476Z"}}, {"model": "app.weapondetail", "pk": 3, "fields": {"detail_level": 2, "weapon_id": 0, "damage": 30, "damage_head": 60.0, "fire_rate": 4.91, "magazine_size": 30, "reload_time": 2.6, "impact": 44.0, "spread_base": 0.175, "spread_sprint": 1.5, "spread_jump": 1.25, "spread_downsights": 0.65, "spread_standing": 0.55, "spread_crouching": 0.75, "fire_rate_burst": 0.0, "environment_damages": 30.0, "recoil_horizontal": 0.25, "recoil_vertical": 1.75, "recoil_max_angle": 25.0, "recoil_min_angle": -25.0, "recoil_downsights": 0.5, "last_update": "2019-12-22T13:49:45.602Z"}}, {"model": "app.weapondetail", "pk": 4, "fields": {"detail_level": 0, "weapon_id": 1, "damage": 30, "damage_head": 60.0, "fire_rate": 5.5, "magazine_size": 30, "reload_time": 2.3, "impact": 25.0, "spread_base": 0.15, "spread_sprint": 1.5, "spread_jump": 1.25, "spread_downsights": 0.6, "spread_standing": 0.55, "spread_crouching": 0.8, "fire_rate_burst": 0.0, "environment_damages": 30.0, "recoil_horizontal": 0.25, "recoil_vertical": 3.5, "recoil_max_angle": 25.0, "recoil_min_angle": -25.0, "recoil_downsights": 0.5, "last_update": "2019-12-22T12:30:38.225Z"}}, {"model": "app.weapondetail", "pk": 5, "fields": {"detail_level": 1, "weapon_id": 1, "damage": 31, "damage_head": 62.0, "fire_rate": 5.5, "magazine_size": 30, "reload_time": 2.2, "impact": 27.0, "spread_base": 0.15, "spread_sprint": 1.5, "spread_jump": 1.25, "spread_downsights": 0.6, "spread_standing": 0.55, "spread_crouching": 0.8, "fire_rate_burst": 0.0, "environment_damages": 31.0, "recoil_horizontal": 0.25, "recoil_vertical": 3.4125, "recoil_max_angle": 25.0, "recoil_min_angle": -25.0, "recoil_downsights": 0.5, "last_update": "2019-12-22T12:30:38.230Z"}}, {"model": "app.weapondetail", "pk": 6, "fields": {"detail_level": 2, "weapon_id": 1, "damage": 33, "damage_head": 66.0, "fire_rate": 5.5, "magazine_size": 30, "reload_time": 2.2, "impact": 28.0, "spread_base": 0.15, "spread_sprint": 1.5, "spread_jump": 1.25, "spread_downsights": 0.6, "spread_standing": 0.55, "spread_crouching": 0.8, "fire_rate_burst": 0.0, "environment_damages": 33.0, "recoil_horizontal": 0.25, "recoil_vertical": 3.325, "recoil_max_angle": 25.0, "recoil_min_angle": -25.0, "recoil_downsights": 0.5, "last_update": "2019-12-22T12:30:38.234Z"}}, {"model": "app.weapondetail", "pk": 7, "fields": {"detail_level": 3, "weapon_id": 2, "damage": 35, "damage_head": 70.0, "fire_rate": 5.5, "magazine_size": 30, "reload_time": 2.1, "impact": 29.0, "spread_base": 0.15, "spread_sprint": 1.5, "spread_jump": 1.25, "spread_downsights": 0.6, "spread_standing": 0.55, "spread_crouching": 0.8, "fire_rate_burst": 0.0, "environment_damages": 35.0, "recoil_horizontal": 0.25, "recoil_vertical": 3.237, "recoil_max_angle": 25.0, "recoil_min_angle": -25.0, "recoil_downsights": 0.5, "last_update": "2019-12-22T12:30:38.238Z"}}, {"model": "app.weapondetail", "pk": 8, "fields": {"detail_level": 4, "weapon_id": 2, "damage": 36, "damage_head": 72.0, "fire_rate": 5.5, "magazine_size": 30, "reload_time": 2.1, "impact": 31.0, "spread_base": 0.15, "spread_sprint": 1.5, "spread_jump": 1.25, "spread_downsights": 0.6, "spread_standing": 0.55, "spread_crouching": 0.8, "fire_rate_burst": 0.0, "environment_damages": 36.0, "recoil_horizontal": 0.25, "recoil_vertical": 3.15, "recoil_max_angle": 25.0, "recoil_min_angle": -25.0, "recoil_downsights": 0.5, "last_update": "2019-12-22T12:30:38.242Z"}}, {"model": "app.weapondetail", "pk": 9, "fields": {"detail_level": 1, "weapon_id": 3, "damage": 26, "damage_head": 46.0, "fire_rate": 3.5, "magazine_size": 20, "reload_time": 2.3, "impact": 28.0, "spread_base": 0.15, "spread_sprint": 1.5, "spread_jump": 1.25, "spread_downsights": 0.0, "spread_standing": 0.5, "spread_crouching": 0.75, "fire_rate_burst": 0.0, "environment_damages": 25.0, "recoil_horizontal": 0.2, "recoil_vertical": 3.0, "recoil_max_angle": 25.0, "recoil_min_angle": -25.0, "recoil_downsights": 0.7, "last_update": "2019-12-22T12:30:38.245Z"}}, {"model": "app.weapondetail", "pk": 10, "fields": {"detail_level": 2, "weapon_id": 3, "damage": 27, "damage_head": 48.0, "fire_rate": 3.5, "magazine_size": 20, "reload_time": 2.2, "impact": 29.0, "spread_base": 0.15, "spread_sprint": 1.5, "spread_jump": 1.25, "spread_downsights": 0.0, "spread_standing": 0.5, "spread_crouching": 0.75, "fire_rate_burst": 0.0, "environment_damages": 26.0, "recoil_horizontal": 0.2, "recoil_vertical": 2.85, "recoil_max_angle": 25.0, "recoil_min_angle": -25.0, "recoil_downsights": 0.7, "last_update": "2019-12-22T12:30:38.249Z"}}, {"model": "app.weapondetail", "pk": 11, "fields": {"detail_level": 2, "weapon_id": 4, "damage": 25, "damage_head": 50.0, "fire_rate": 8.0, "magazine_size": 100, "reload_time": 5.0, "impact": 28.0, "spread_base": 0.15, "spread_sprint": 1.5, "spread_jump": 1.25, "spread_downsights": 0.65, "spread_standing": 0.5, "spread_crouching": 0.8, "fire_rate_burst": 0.0, "environment_damages": 25.0, "recoil_horizontal": 0.25, "recoil_vertical": 7.0, "recoil_max_angle": 25.0, "recoil_min_angle": -25.0, "recoil_downsights": 0.5, "last_update": "2019-12-22T12:30:38.253Z"}}, {"model": "app.weapondetail", "pk": 12, "fields": {"detail_level": 3, "weapon_id": 4, "damage": 26, "damage_head": 52.0, "fire_rate": 8.0, "magazine_size": 100, "reload_time": 4.8, "impact": 29.0, "spread_base": 0.15, "spread_sprint": 1.5, "spread_jump": 1.25, "spread_downsights": 0.65, "spread_standing": 0.55, "spread_crouching": 0.8, "fire_rate_burst": 0.0, "environment_damages": 26.0, "recoil_horizontal": 0.25, "recoil_vertical": 6.65, "recoil_max_angle": 25.0, "recoil_min_angle": -25.0, "recoil_downsights": 0.5, "last_update": "2019-12-22T12:30:38.256Z"}}, {"model": "app.weapondetail", "pk": 13, "fields": {"detail_level": 3, "weapon_id": 5, "damage": 20, "damage_head": 27.0, "fire_rate": 12.0, "magazine_size": 0, "reload_time": 4.8, "impact": 29.0, "spread_base": 0.15, "spread_sprint": 1.5, "spread_jump": 1.25, "spread_downsights": 0.65, "spread_standing": 0.55, "spread_crouching": 0.8, "fire_rate_burst": 0.0, "environment_damages": 32.0, "recoil_horizontal": 0.25, "recoil_vertical": 2.9925, "recoil_max_angle": 25.0, "recoil_min_angle": -25.0, "recoil_downsights": 0.5, "last_update": "2019-12-22T12:30:38.260Z"}}, {"model": "app.weapondetail", "pk": 14, "fields": {"detail_level": 4, "weapon_id": 5, "damage": 21, "damage_head": 28.5, "fire_rate": 12.0, "magazine_size": 0, "reload_time": 4.5, "impact": 31.0, "spread_base": 0.15, "spread_sprint": 1.5, "spread_jump": 1.25, "spread_downsights": 0.65, "spread_standing": 0.55, "spread_crouching": 0.8, "fire_rate_burst": 0.0, "environment_damages": 33.0, "recoil_horizontal": 0.25, "recoil_vertical": 2.835, "recoil_max_angle": 25.0, "recoil_min_angle": -25.0, "recoil_downsights": 0.5, "last_update": "2019-12-22T12:30:38.263Z"}}, {"model": "app.weapondetail", "pk": 15, "fields": {"detail_level": 3, "weapon_id": 6, "damage": 36, "damage_head": 72.0, "fire_rate": 1.8, "magazine_size": 15, "reload_time": 2.2, "impact": 29.0, "spread_base": 0.15, "spread_sprint": 1.5, "spread_jump": 1.25, "spread_downsights": 0.0, "spread_standing": 0.5, "spread_crouching": 0.75, "fire_rate_burst": 0.0, "environment_damages": 36.0, "recoil_horizontal": 0.2, "recoil_vertical": 6.175, "recoil_max_angle": 25.0, "recoil_min_angle": -25.0, "recoil_downsights": 0.7, "last_update": "2019-12-22T12:30:38.267Z"}}, {"model": "app.weapondetail", "pk": 16, "fields": {"detail_level": 4, "weapon_id": 6, "damage": 37, "damage_head": 74.0, "fire_rate": 1.8, "magazine_size": 15, "reload_time": 2.1, "impact": 31.0, "spread_base": 0.15, "spread_sprint": 1.5, "spread_jump": 1.25, "spread_downsights": 0.0, "spread_standing": 0.5, "spread_crouching": 0.75, "fire_rate_burst": 0.0, "environment_damages": 37.0, "recoil_horizontal": 0.2, "recoil_vertical": 5.85, "recoil_max_angle": 25.0, "recoil_min_angle": -25.0, "recoil_downsights": 0.7, "last_update": "2019-12-22T12:30:38.271Z"}}, {"model": "app.weapondetail", "pk": 17, "fields": {"detail_level": 3, "weapon_id": 7, "damage": 74, "damage_head": 183.75, "fire_rate": 1.0, "magazine_size": 7, "reload_time": 5.9, "impact": 52.5, "spread_base": 0.15, "spread_sprint": 1.1, "spread_jump": 1.05, "spread_downsights": 0.7, "spread_standing": 0.8, "spread_crouching": 0.85, "fire_rate_burst": 0.0, "environment_damages": 79.0, "recoil_horizontal": 2.0, "recoil_vertical": 8.55, "recoil_max_angle": 25.0, "recoil_min_angle": -25.0, "recoil_downsights": 0.85, "last_update": "2019-12-22T12:30:38.275Z"}}, {"model": "app.weapondetail", "pk": 18, "fields": {"detail_level": 4, "weapon_id": 7, "damage": 77, "damage_head": 192.5, "fire_rate": 1.0, "magazine_size": 7, "reload_time": 5.6, "impact": 55.0, "spread_base": 0.15, "spread_sprint": 1.1, "spread_jump": 1.05, "spread_downsights": 0.7, "spread_standing": 0.8, "spread_crouching": 0.85, "fire_rate_burst": 0.0, "environment_damages": 82.5, "recoil_horizontal": 2.0, "recoil_vertical": 8.1, "recoil_max_angle": 25.0, "recoil_min_angle": -25.0, "recoil_downsights": 0.85, "last_update": "2019-12-22T12:30:38.278Z"}}, {"model": "app.weapondetail", "pk": 19, "fields": {"detail_level": 1, "weapon_id": 8, "damage": 80, "damage_head": 160.0, "fire_rate": 0.7, "magazine_size": 5, "reload_time": 4.8, "impact": 45.0, "spread_base": 0.909, "spread_sprint": 1.1, "spread_jump": 1.05, "spread_downsights": 0.8, "spread_standing": 0.92, "spread_crouching": 0.85, "fire_rate_burst": 0.0, "environment_damages": 100.0, "recoil_horizontal": 2.0, "recoil_vertical": 9.9, "recoil_max_angle": 25.0, "recoil_min_angle": -25.0, "recoil_downsights": 0.8, "last_update": "2019-12-22T13:30:34.224Z"}}, {"model": "app.weapondetail", "pk": 20, "fields": {"detail_level": 2, "weapon_id": 8, "damage": 90, "damage_head": 170.0, "fire_rate": 0.7, "magazine_size": 5, "reload_time": 4.6, "impact": 47.5, "spread_base": 0.909, "spread_sprint": 1.1, "spread_jump": 1.05, "spread_downsights": 0.8, "spread_standing": 0.92, "spread_crouching": 0.85, "fire_rate_burst": 0.0, "environment_damages": 100.0, "recoil_horizontal": 2.0, "recoil_vertical": 9.45, "recoil_max_angle": 25.0, "recoil_min_angle": -25.0, "recoil_downsights": 0.85, "last_update": "2019-12-22T13:30:38.221Z"}}, {"model": "app.weapondetail", "pk": 21, "fields": {"detail_level": 3, "weapon_id": 8, "damage": 100, "damage_head": 210.0, "fire_rate": 0.7, "magazine_size": 5, "reload_time": 4.4, "impact": 50.0, "spread_base": 0.909, "spread_sprint": 1.1, "spread_jump": 1.05, "spread_downsights": 0.8, "spread_standing": 0.92, "spread_crouching": 0.85, "fire_rate_burst": 0.0, "environment_damages": 50.0, "recoil_horizontal": 2.0, "recoil_vertical": 9.0, "recoil_max_angle": 25.0, "recoil_min_angle": -25.0, "recoil_downsights": 0.85, "last_update": "2019-12-22T13:30:42.340Z"}}, {"model": "app.weapondetail", "pk": 22, "fields": {"detail_level": 4, "weapon_id": 8, "damage": 110, "damage_head": 220.0, "fire_rate": 0.7, "magazine_size": 5, "reload_time": 4.2, "impact": 43.0, "spread_base": 0.909, "spread_sprint": 1.1, "spread_jump": 1.05, "spread_downsights": 0.8, "spread_standing": 0.92, "spread_crouching": 0.85, "fire_rate_burst": 0.0, "environment_damages": 53.0, "recoil_horizontal": 2.0, "recoil_vertical": 8.55, "recoil_max_angle": 25.0, "recoil_min_angle": -25.0, "recoil_downsights": 0.85, "last_update": "2019-12-22T13:30:45.662Z"}}, {"model": "app.weapondetail", "pk": 23, "fields": {"detail_level": 0, "weapon_id": 9, "damage": 71, "damage_head": 167.5, "fire_rate": 1.5, "magazine_size": 8, "reload_time": 6.3, "impact": 30.4, "spread_base": 0.333, "spread_sprint": 1.1, "spread_jump": 1.05, "spread_downsights": 0.8, "spread_standing": 0.92, "spread_crouching": 0.85, "fire_rate_burst": 0.0, "environment_damages": 70.0, "recoil_horizontal": 2.0, "recoil_vertical": 4.2, "recoil_max_angle": 25.0, "recoil_min_angle": -25.0, "recoil_downsights": 0.85, "last_update": "2019-12-22T12:30:38.298Z"}}, {"model": "app.weapondetail", "pk": 24, "fields": {"detail_level": 1, "weapon_id": 9, "damage": 75, "damage_head": 175.0, "fire_rate": 1.5, "magazine_size": 8, "reload_time": 6.0, "impact": 32.0, "spread_base": 0.333, "spread_sprint": 1.1, "spread_jump": 1.05, "spread_downsights": 0.8, "spread_standing": 0.92, "spread_crouching": 0.85, "fire_rate_burst": 0.0, "environment_damages": 70.0, "recoil_horizontal": 2.0, "recoil_vertical": 4.0, "recoil_max_angle": 25.0, "recoil_min_angle": -25.0, "recoil_downsights": 0.85, "last_update": "2019-12-22T12:30:38.302Z"}}, {"model": "app.weapondetail", "pk": 25, "fields": {"detail_level": 2, "weapon_id": 9, "damage": 79, "damage_head": 185.0, "fire_rate": 1.5, "magazine_size": 8, "reload_time": 5.7, "impact": 33.6, "spread_base": 0.333, "spread_sprint": 1.1, "spread_jump": 1.05, "spread_downsights": 0.8, "spread_standing": 0.92, "spread_crouching": 0.85, "fire_rate_burst": 0.0, "environment_damages": 70.0, "recoil_horizontal": 2.0, "recoil_vertical": 3.8, "recoil_max_angle": 25.0, "recoil_min_angle": -25.0, "recoil_downsights": 0.85, "last_update": "2019-12-22T12:30:38.306Z"}}, {"model": "app.weapondetail", "pk": 26, "fields": {"detail_level": 3, "weapon_id": 9, "damage": 83, "damage_head": 190.0, "fire_rate": 1.5, "magazine_size": 8, "reload_time": 5.7, "impact": 33.6, "spread_base": 0.333, "spread_sprint": 1.1, "spread_jump": 1.05, "spread_downsights": 0.8, "spread_standing": 0.92, "spread_crouching": 0.85, "fire_rate_burst": 0.0, "environment_damages": 70.0, "recoil_horizontal": 2.0, "recoil_vertical": 3.8, "recoil_max_angle": 25.0, "recoil_min_angle": -25.0, "recoil_downsights": 0.85, "last_update": "2019-12-22T12:30:38.309Z"}}, {"model": "app.weapondetail", "pk": 27, "fields": {"detail_level": 4, "weapon_id": 9, "damage": 87, "damage_head": 200.0, "fire_rate": 1.5, "magazine_size": 8, "reload_time": 5.7, "impact": 33.6, "spread_base": 0.333, "spread_sprint": 1.1, "spread_jump": 1.05, "spread_downsights": 0.8, "spread_standing": 0.92, "spread_crouching": 0.85, "fire_rate_burst": 0.0, "environment_damages": 70.0, "recoil_horizontal": 2.0, "recoil_vertical": 3.8, "recoil_max_angle": 25.0, "recoil_min_angle": -25.0, "recoil_downsights": 0.85, "last_update": "2019-12-22T12:30:38.313Z"}}, {"model": "app.weapondetail", "pk": 28, "fields": {"detail_level": 0, "weapon_id": 10, "damage": 24, "damage_head": 50.0, "fire_rate": 6.75, "magazine_size": 16, "reload_time": 1.5, "impact": 45.0, "spread_base": 0.25, "spread_sprint": 1.25, "spread_jump": 1.1, "spread_downsights": 0.6, "spread_standing": 0.85, "spread_crouching": 0.8, "fire_rate_burst": 0.0, "environment_damages": 24.0, "recoil_horizontal": 0.2, "recoil_vertical": 3.3, "recoil_max_angle": 25.0, "recoil_min_angle": -25.0, "recoil_downsights": 0.6, "last_update": "2019-12-22T13:32:28.294Z"}}, {"model": "app.weapondetail", "pk": 29, "fields": {"detail_level": 1, "weapon_id": 10, "damage": 25, "damage_head": 48.0, "fire_rate": 6.75, "magazine_size": 16, "reload_time": 1.5, "impact": 48.0, "spread_base": 0.25, "spread_sprint": 1.25, "spread_jump": 1.1, "spread_downsights": 0.6, "spread_standing": 0.85, "spread_crouching": 0.8, "fire_rate_burst": 0.0, "environment_damages": 25.0, "recoil_horizontal": 0.2, "recoil_vertical": 3.15, "recoil_max_angle": 25.0, "recoil_min_angle": -25.0, "recoil_downsights": 0.6, "last_update": "2019-12-22T13:33:07.878Z"}}, {"model": "app.weapondetail", "pk": 30, "fields": {"detail_level": 0, "weapon_id": 11, "damage": 54, "damage_head": 108.0, "fire_rate": 0.9, "magazine_size": 6, "reload_time": 2.4, "impact": 135.0, "spread_base": 1.0, "spread_sprint": 1.25, "spread_jump": 1.15, "spread_downsights": 0.6, "spread_standing": 0.85, "spread_crouching": 0.8, "fire_rate_burst": 0.0, "environment_damages": 54.0, "recoil_horizontal": 0.75, "recoil_vertical": 8.8, "recoil_max_angle": 25.0, "recoil_min_angle": -25.0, "recoil_downsights": 0.65, "last_update": "2019-12-22T12:30:38.324Z"}}, {"model": "app.weapondetail", "pk": 31, "fields": {"detail_level": 1, "weapon_id": 11, "damage": 57, "damage_head": 114.0, "fire_rate": 0.9, "magazine_size": 6, "reload_time": 2.3, "impact": 143.0, "spread_base": 1.0, "spread_sprint": 1.25, "spread_jump": 1.15, "spread_downsights": 0.6, "spread_standing": 0.85, "spread_crouching": 0.8, "fire_rate_burst": 0.0, "environment_damages": 54.0, "recoil_horizontal": 0.75, "recoil_vertical": 8.4, "recoil_max_angle": 25.0, "recoil_min_angle": -25.0, "recoil_downsights": 0.65, "last_update": "2019-12-22T12:30:38.328Z"}}, {"model": "app.weapondetail", "pk": 32, "fields": {"detail_level": 2, "weapon_id": 11, "damage": 60, "damage_head": 120.0, "fire_rate": 0.9, "magazine_size": 6, "reload_time": 2.2, "impact": 150.0, "spread_base": 1.0, "spread_sprint": 1.25, "spread_jump": 1.15, "spread_downsights": 0.6, "spread_standing": 0.85, "spread_crouching": 0.8, "fire_rate_burst": 0.0, "environment_damages": 60.0, "recoil_horizontal": 0.75, "recoil_vertical": 8.0, "recoil_max_angle": 25.0, "recoil_min_angle": -25.0, "recoil_downsights": 0.65, "last_update": "2019-12-22T12:30:38.331Z"}}, {"model": "app.weapondetail", "pk": 33, "fields": {"detail_level": 2, "weapon_id": 12, "damage": 26, "damage_head": 52.0, "fire_rate": 6.75, "magazine_size": 16, "reload_time": 1.3, "impact": 53.0, "spread_base": 0.25, "spread_sprint": 1.25, "spread_jump": 1.1, "spread_downsights": 0.6, "spread_standing": 0.85, "spread_crouching": 0.8, "fire_rate_burst": 0.0, "environment_damages": 26.0, "recoil_horizontal": 0.2, "recoil_vertical": 2.85, "recoil_max_angle": 25.0, "recoil_min_angle": -25.0, "recoil_downsights": 0.6, "last_update": "2019-12-22T12:30:38.336Z"}}, {"model": "app.weapondetail", "pk": 34, "fields": {"detail_level": 3, "weapon_id": 12, "damage": 28, "damage_head": 56.0, "fire_rate": 6.75, "magazine_size": 16, "reload_time": 1.3, "impact": 55.0, "spread_base": 0.25, "spread_sprint": 1.25, "spread_jump": 1.1, "spread_downsights": 0.6, "spread_standing": 0.85, "spread_crouching": 0.8, "fire_rate_burst": 0.0, "environment_damages": 28.0, "recoil_horizontal": 0.2, "recoil_vertical": 2.7, "recoil_max_angle": 25.0, "recoil_min_angle": -25.0, "recoil_downsights": 0.6, "last_update": "2019-12-22T12:30:38.339Z"}}, {"model": "app.weapondetail", "pk": 35, "fields": {"detail_level": 3, "weapon_id": 13, "damage": 75, "damage_head": 150.0, "fire_rate": 0.8, "magazine_size": 7, "reload_time": 2.1, "impact": 158.0, "spread_base": 1.0, "spread_sprint": 1.25, "spread_jump": 1.15, "spread_downsights": 0.55, "spread_standing": 0.85, "spread_crouching": 0.8, "fire_rate_burst": 0.0, "environment_damages": 100.0, "recoil_horizontal": 0.75, "recoil_vertical": 3.04, "recoil_max_angle": 25.0, "recoil_min_angle": -25.0, "recoil_downsights": 0.65, "last_update": "2019-12-22T12:30:38.343Z"}}, {"model": "app.weapondetail", "pk": 36, "fields": {"detail_level": 4, "weapon_id": 13, "damage": 78, "damage_head": 156.0, "fire_rate": 0.8, "magazine_size": 7, "reload_time": 2.0, "impact": 165.0, "spread_base": 1.0, "spread_sprint": 1.25, "spread_jump": 1.15, "spread_downsights": 0.55, "spread_standing": 0.85, "spread_crouching": 0.8, "fire_rate_burst": 0.0, "environment_damages": 105.0, "recoil_horizontal": 0.75, "recoil_vertical": 2.884, "recoil_max_angle": 25.0, "recoil_min_angle": -25.0, "recoil_downsights": 0.65, "last_update": "2019-12-22T12:30:38.346Z"}}, {"model": "app.weapondetail", "pk": 37, "fields": {"detail_level": 2, "weapon_id": 14, "damage": 41, "damage_head": 82.0, "fire_rate": 3.96, "magazine_size": 18, "reload_time": 2.8, "impact": 53.0, "spread_base": 0.3, "spread_sprint": 1.3, "spread_jump": 1.15, "spread_downsights": 0.92, "spread_standing": 0.9, "spread_crouching": 0.8, "fire_rate_burst": 0.0, "environment_damages": 42.0, "recoil_horizontal": 0.3, "recoil_vertical": 3.23, "recoil_max_angle": 25.0, "recoil_min_angle": -25.0, "recoil_downsights": 0.65, "last_update": "2019-12-22T12:30:38.350Z"}}, {"model": "app.weapondetail", "pk": 38, "fields": {"detail_level": 3, "weapon_id": 14, "damage": 43, "damage_head": 86.0, "fire_rate": 3.96, "magazine_size": 18, "reload_time": 2.7, "impact": 53.0, "spread_base": 0.3, "spread_sprint": 1.3, "spread_jump": 1.15, "spread_downsights": 0.92, "spread_standing": 0.9, "spread_crouching": 0.8, "fire_rate_burst": 0.0, "environment_damages": 44.0, "recoil_horizontal": 0.3, "recoil_vertical": 3.06, "recoil_max_angle": 25.0, "recoil_min_angle": -25.0, "recoil_downsights": 0.65, "last_update": "2019-12-22T12:30:38.353Z"}}, {"model": "app.weapondetail", "pk": 39, "fields": {"detail_level": 1, "weapon_id": 15, "damage": 23, "damage_head": 46.0, "fire_rate": 9.0, "magazine_size": 30, "reload_time": 2.1, "impact": 27.0, "spread_base": 0.3, "spread_sprint": 1.25, "spread_jump": 1.05, "spread_downsights": 0.6, "spread_standing": 0.85, "spread_crouching": 0.85, "fire_rate_burst": 0.0, "environment_damages": 23.0, "recoil_horizontal": 0.45, "recoil_vertical": 1.89, "recoil_max_angle": 25.0, "recoil_min_angle": -25.0, "recoil_downsights": 0.6, "last_update": "2019-12-22T12:30:38.357Z"}}, {"model": "app.weapondetail", "pk": 40, "fields": {"detail_level": 2, "weapon_id": 15, "damage": 24, "damage_head": 48.0, "fire_rate": 9.0, "magazine_size": 30, "reload_time": 2.0, "impact": 28.0, "spread_base": 0.3, "spread_sprint": 1.25, "spread_jump": 1.05, "spread_downsights": 0.6, "spread_standing": 0.85, "spread_crouching": 0.85, "fire_rate_burst": 0.0, "environment_damages": 24.0, "recoil_horizontal": 0.45, "recoil_vertical": 1.8, "recoil_max_angle": 25.0, "recoil_min_angle": -25.0, "recoil_downsights": 0.6, "last_update": "2019-12-22T12:30:38.361Z"}}, {"model": "app.weapondetail", "pk": 41, "fields": {"detail_level": 0, "weapon_id": 16, "damage": 17, "damage_head": 34.0, "fire_rate": 12.0, "magazine_size": 30, "reload_time": 2.4, "impact": 25.0, "spread_base": 0.2, "spread_sprint": 1.1, "spread_jump": 1.1, "spread_downsights": 0.8, "spread_standing": 0.92, "spread_crouching": 0.95, "fire_rate_burst": 0.0, "environment_damages": 17.0, "recoil_horizontal": 0.5, "recoil_vertical": 1.65, "recoil_max_angle": 25.0, "recoil_min_angle": -25.0, "recoil_downsights": 2.0, "last_update": "2019-12-22T12:30:38.366Z"}}, {"model": "app.weapondetail", "pk": 42, "fields": {"detail_level": 1, "weapon_id": 16, "damage": 18, "damage_head": 36.0, "fire_rate": 12.0, "magazine_size": 30, "reload_time": 2.3, "impact": 27.0, "spread_base": 0.2, "spread_sprint": 1.1, "spread_jump": 1.1, "spread_downsights": 0.8, "spread_standing": 0.92, "spread_crouching": 0.95, "fire_rate_burst": 0.0, "environment_damages": 18.0, "recoil_horizontal": 0.5, "recoil_vertical": 1.575, "recoil_max_angle": 25.0, "recoil_min_angle": -25.0, "recoil_downsights": 2.0, "last_update": "2019-12-22T12:30:38.370Z"}}, {"model": "app.weapondetail", "pk": 43, "fields": {"detail_level": 2, "weapon_id": 16, "damage": 19, "damage_head": 38.0, "fire_rate": 12.0, "magazine_size": 30, "reload_time": 2.2, "impact": 28.0, "spread_base": 0.2, "spread_sprint": 1.1, "spread_jump": 1.1, "spread_downsights": 0.8, "spread_standing": 0.92, "spread_crouching": 0.95, "fire_rate_burst": 0.0, "environment_damages": 19.0, "recoil_horizontal": 0.5, "recoil_vertical": 1.5, "recoil_max_angle": 25.0, "recoil_min_angle": -25.0, "recoil_downsights": 2.0, "last_update": "2019-12-22T12:30:38.374Z"}}, {"model": "app.weapondetail", "pk": 44, "fields": {"detail_level": 3, "weapon_id": 17, "damage": 20, "damage_head": 42.0, "fire_rate": 12.0, "magazine_size": 30, "reload_time": 1.9, "impact": 29.0, "spread_base": 0.2, "spread_sprint": 1.1, "spread_jump": 1.1, "spread_downsights": 0.8, "spread_standing": 0.92, "spread_crouching": 0.95, "fire_rate_burst": 0.0, "environment_damages": 21.0, "recoil_horizontal": 0.5, "recoil_vertical": 1.425, "recoil_max_angle": 25.0, "recoil_min_angle": -25.0, "recoil_downsights": 2.0, "last_update": "2019-12-22T13:41:44.816Z"}}, {"model": "app.weapondetail", "pk": 45, "fields": {"detail_level": 4, "weapon_id": 17, "damage": 21, "damage_head": 44.0, "fire_rate": 12.0, "magazine_size": 30, "reload_time": 1.7, "impact": 31.0, "spread_base": 0.2, "spread_sprint": 1.1, "spread_jump": 1.1, "spread_downsights": 0.8, "spread_standing": 0.92, "spread_crouching": 0.95, "fire_rate_burst": 0.0, "environment_damages": 22.0, "recoil_horizontal": 0.5, "recoil_vertical": 1.35, "recoil_max_angle": 25.0, "recoil_min_angle": -25.0, "recoil_downsights": 2.0, "last_update": "2019-12-22T13:42:09.753Z"}}, {"model": "app.weapondetail", "pk": 46, "fields": {"detail_level": 1, "weapon_id": 18, "damage": 22, "damage_head": 52.0, "fire_rate": 8.0, "magazine_size": 50, "reload_time": 3.2, "impact": 27.0, "spread_base": 0.2, "spread_sprint": 1.25, "spread_jump": 1.05, "spread_downsights": 0.75, "spread_standing": 0.9, "spread_crouching": 0.85, "fire_rate_burst": 0.0, "environment_damages": 22.0, "recoil_horizontal": 2.2, "recoil_vertical": 3.045, "recoil_max_angle": 25.0, "recoil_min_angle": -25.0, "recoil_downsights": 0.6, "last_update": "2019-12-22T12:30:38.385Z"}}, {"model": "app.weapondetail", "pk": 47, "fields": {"detail_level": 2, "weapon_id": 18, "damage": 23, "damage_head": 54.0, "fire_rate": 8.0, "magazine_size": 50, "reload_time": 3.0, "impact": 28.0, "spread_base": 0.2, "spread_sprint": 1.25, "spread_jump": 1.05, "spread_downsights": 0.75, "spread_standing": 0.9, "spread_crouching": 0.85, "fire_rate_burst": 0.0, "environment_damages": 23.0, "recoil_horizontal": 2.2, "recoil_vertical": 2.9, "recoil_max_angle": 25.0, "recoil_min_angle": -25.0, "recoil_downsights": 0.6, "last_update": "2019-12-22T12:30:38.389Z"}}, {"model": "app.weapondetail", "pk": 48, "fields": {"detail_level": 2, "weapon_id": 19, "damage": 105, "damage_head": 262.5, "fire_rate": 0.33, "magazine_size": 1, "reload_time": 3.0, "impact": 360.0, "spread_base": 1.25, "spread_sprint": 1.0, "spread_jump": 1.0, "spread_downsights": 0.0, "spread_standing": 0.4, "spread_crouching": 1.0, "fire_rate_burst": 0.0, "environment_damages": 105.0, "recoil_horizontal": 0.0, "recoil_vertical": 5.0, "recoil_max_angle": 25.0, "recoil_min_angle": -25.0, "recoil_downsights": 0.4, "last_update": "2019-12-22T12:30:38.392Z"}}, {"model": "app.weapondetail", "pk": 49, "fields": {"detail_level": 3, "weapon_id": 19, "damage": 110, "damage_head": 275.0, "fire_rate": 0.33, "magazine_size": 1, "reload_time": 2.3, "impact": 378.0, "spread_base": 1.25, "spread_sprint": 1.0, "spread_jump": 1.0, "spread_downsights": 0.0, "spread_standing": 0.4, "spread_crouching": 1.0, "fire_rate_burst": 0.0, "environment_damages": 110.0, "recoil_horizontal": 0.0, "recoil_vertical": 4.75, "recoil_max_angle": 25.0, "recoil_min_angle": -25.0, "recoil_downsights": 0.4, "last_update": "2019-12-22T14:28:37.947Z"}}, {"model": "app.weapondetail", "pk": 50, "fields": {"detail_level": 1, "weapon_id": 20, "damage": 75, "damage_head": 187.5, "fire_rate": 1.2, "magazine_size": 10, "reload_time": 2.5, "impact": 105.0, "spread_base": 0.4, "spread_sprint": 1.0, "spread_jump": 1.0, "spread_downsights": 0.0, "spread_standing": 0.4, "spread_crouching": 1.0, "fire_rate_burst": 0.0, "environment_damages": 75.0, "recoil_horizontal": 0.0, "recoil_vertical": 4.0375, "recoil_max_angle": 25.0, "recoil_min_angle": -25.0, "recoil_downsights": 0.5, "last_update": "2019-12-22T12:30:38.400Z"}}, {"model": "app.weapondetail", "pk": 51, "fields": {"detail_level": 2, "weapon_id": 20, "damage": 78, "damage_head": 195.0, "fire_rate": 1.2, "magazine_size": 10, "reload_time": 2.3, "impact": 110.0, "spread_base": 0.4, "spread_sprint": 1.0, "spread_jump": 1.0, "spread_downsights": 0.0, "spread_standing": 0.4, "spread_crouching": 1.0, "fire_rate_burst": 0.0, "environment_damages": 78.0, "recoil_horizontal": 0.0, "recoil_vertical": 3.825, "recoil_max_angle": 25.0, "recoil_min_angle": -25.0, "recoil_downsights": 0.5, "last_update": "2019-12-22T12:30:38.404Z"}}, {"model": "app.weapondetail", "pk": 52, "fields": {"detail_level": 1, "weapon_id": 21, "damage": 86, "damage_head": 215.0, "fire_rate": 0.8, "magazine_size": 1, "reload_time": 1.9, "impact": 285.0, "spread_base": 0.15, "spread_sprint": 1.25, "spread_jump": 1.05, "spread_downsights": 0.05, "spread_standing": 0.7, "spread_crouching": 1.0, "fire_rate_burst": 0.0, "environment_damages": 86.0, "recoil_horizontal": 0.0, "recoil_vertical": 5.25, "recoil_max_angle": 25.0, "recoil_min_angle": -25.0, "recoil_downsights": 0.4, "last_update": "2019-12-22T12:30:38.408Z"}}, {"model": "app.weapondetail", "pk": 53, "fields": {"detail_level": 2, "weapon_id": 21, "damage": 90, "damage_head": 225.0, "fire_rate": 0.8, "magazine_size": 1, "reload_time": 1.8, "impact": 300.0, "spread_base": 0.15, "spread_sprint": 1.25, "spread_jump": 1.05, "spread_downsights": 0.05, "spread_standing": 0.7, "spread_crouching": 1.0, "fire_rate_burst": 0.0, "environment_damages": 90.0, "recoil_horizontal": 0.0, "recoil_vertical": 5.0, "recoil_max_angle": 25.0, "recoil_min_angle": -25.0, "recoil_downsights": 0.4, "last_update": "2019-12-22T12:30:38.411Z"}}, {"model": "app.weapondetail", "pk": 54, "fields": {"detail_level": 3, "weapon_id": 22, "damage": 115, "damage_head": 115.0, "fire_rate": 0.75, "magazine_size": 1, "reload_time": 3.1, "impact": 2100.0, "spread_base": 2.5, "spread_sprint": 1.0, "spread_jump": 1.0, "spread_downsights": 1.0, "spread_standing": 1.0, "spread_crouching": 1.0, "fire_rate_burst": 0.0, "environment_damages": 315.0, "recoil_horizontal": 1.5, "recoil_vertical": 3.825, "recoil_max_angle": 25.0, "recoil_min_angle": -25.0, "recoil_downsights": 0.5, "last_update": "2019-12-22T13:40:32.406Z"}}, {"model": "app.weapondetail", "pk": 55, "fields": {"detail_level": 4, "weapon_id": 22, "damage": 130, "damage_head": 130.0, "fire_rate": 0.75, "magazine_size": 1, "reload_time": 2.5, "impact": 2200.0, "spread_base": 2.5, "spread_sprint": 1.0, "spread_jump": 1.0, "spread_downsights": 1.0, "spread_standing": 1.0, "spread_crouching": 1.0, "fire_rate_burst": 0.0, "environment_damages": 330.0, "recoil_horizontal": 1.5, "recoil_vertical": 3.15, "recoil_max_angle": 25.0, "recoil_min_angle": -25.0, "recoil_downsights": 0.5, "last_update": "2019-12-22T13:40:08.797Z"}}, {"model": "app.weapondetail", "pk": 56, "fields": {"detail_level": 2, "weapon_id": 23, "damage": 100, "damage_head": 100.0, "fire_rate": 1.0, "magazine_size": 6, "reload_time": 3.0, "impact": 750.0, "spread_base": 0.0, "spread_sprint": 1.0, "spread_jump": 1.0, "spread_downsights": 1.0, "spread_standing": 1.0, "spread_crouching": 1.0, "fire_rate_burst": 0.0, "environment_damages": 375.0, "recoil_horizontal": 2.5, "recoil_vertical": 11.0, "recoil_max_angle": 25.0, "recoil_min_angle": -25.0, "recoil_downsights": 0.75, "last_update": "2019-12-22T12:30:38.422Z"}}, {"model": "app.weapondetail", "pk": 57, "fields": {"detail_level": 3, "weapon_id": 23, "damage": 105, "damage_head": 105.0, "fire_rate": 1.0, "magazine_size": 6, "reload_time": 2.8, "impact": 788.0, "spread_base": 0.0, "spread_sprint": 1.0, "spread_jump": 1.0, "spread_downsights": 1.0, "spread_standing": 1.0, "spread_crouching": 1.0, "fire_rate_burst": 0.0, "environment_damages": 394.0, "recoil_horizontal": 2.5, "recoil_vertical": 10.45, "recoil_max_angle": 25.0, "recoil_min_angle": -25.0, "recoil_downsights": 0.75, "last_update": "2019-12-22T12:30:38.426Z"}}, {"model": "app.weapondetail", "pk": 58, "fields": {"detail_level": 4, "weapon_id": 23, "damage": 110, "damage_head": 110.0, "fire_rate": 1.0, "magazine_size": 6, "reload_time": 2.7, "impact": 788.0, "spread_base": 0.0, "spread_sprint": 1.0, "spread_jump": 1.0, "spread_downsights": 1.0, "spread_standing": 1.0, "spread_crouching": 1.0, "fire_rate_burst": 0.0, "environment_damages": 413.0, "recoil_horizontal": 2.5, "recoil_vertical": 9.9, "recoil_max_angle": 25.0, "recoil_min_angle": -25.0, "recoil_downsights": 0.75, "last_update": "2019-12-22T12:30:38.430Z"}}, {"model": "app.weapondetail", "pk": 59, "fields": {"detail_level": 3, "weapon_id": 24, "damage": 74, "damage_head": 74.0, "fire_rate": 0.75, "magazine_size": 1, "reload_time": 2.4, "impact": 2100.0, "spread_base": 2.5, "spread_sprint": 1.0, "spread_jump": 1.0, "spread_downsights": 1.0, "spread_standing": 0.8, "spread_crouching": 1.0, "fire_rate_burst": 0.0, "environment_damages": 420.0, "recoil_horizontal": 0.25, "recoil_vertical": 2.85, "recoil_max_angle": 25.0, "recoil_min_angle": -25.0, "recoil_downsights": 0.75, "last_update": "2019-12-22T12:30:38.435Z"}}, {"model": "app.weapondetail", "pk": 60, "fields": {"detail_level": 4, "weapon_id": 24, "damage": 77, "damage_head": 77.0, "fire_rate": 0.75, "magazine_size": 1, "reload_time": 2.2, "impact": 2200.0, "spread_base": 2.5, "spread_sprint": 1.0, "spread_jump": 1.0, "spread_downsights": 1.0, "spread_standing": 0.8, "spread_crouching": 1.0, "fire_rate_burst": 0.0, "environment_damages": 440.0, "recoil_horizontal": 0.25, "recoil_vertical": 2.7, "recoil_max_angle": 25.0, "recoil_min_angle": -25.0, "recoil_downsights": 0.5, "last_update": "2019-12-22T12:30:38.439Z"}}, {"model": "app.weapondetail", "pk": 61, "fields": {"detail_level": 3, "weapon_id": 25, "damage": 114, "damage_head": 178.75, "fire_rate": 1.9, "magazine_size": 2, "reload_time": 2.8, "impact": 52.5, "spread_base": 0.8, "spread_sprint": 1.1, "spread_jump": 1.0, "spread_downsights": 0.9, "spread_standing": 0.92, "spread_crouching": 0.85, "fire_rate_burst": 0.0, "environment_damages": 107.0, "recoil_horizontal": 2.0, "recoil_vertical": 4.75, "recoil_max_angle": 25.0, "recoil_min_angle": -25.0, "recoil_downsights": 0.85, "last_update": "2019-12-22T12:30:38.442Z"}}, {"model": "app.weapondetail", "pk": 62, "fields": {"detail_level": 4, "weapon_id": 25, "damage": 120, "damage_head": 187.5, "fire_rate": 1.9, "magazine_size": 2, "reload_time": 2.7, "impact": 55.0, "spread_base": 0.8, "spread_sprint": 1.1, "spread_jump": 1.0, "spread_downsights": 0.9, "spread_standing": 0.92, "spread_crouching": 1.0, "fire_rate_burst": 0.0, "environment_damages": 112.0, "recoil_horizontal": 2.0, "recoil_vertical": 4.5, "recoil_max_angle": 25.0, "recoil_min_angle": -25.0, "recoil_downsights": 0.85, "last_update": "2019-12-22T12:30:38.446Z"}}, {"model": "app.weapondetail", "pk": 63, "fields": {"detail_level": 3, "weapon_id": 26, "damage": 150, "damage_head": 375.0, "fire_rate": 0.33, "magazine_size": 1, "reload_time": 4.3, "impact": 378.0, "spread_base": 2.25, "spread_sprint": 1.0, "spread_jump": 1.0, "spread_downsights": 0.0, "spread_standing": 0.4, "spread_crouching": 1.0, "fire_rate_burst": 0.0, "environment_damages": 1050.0, "recoil_horizontal": 2.0, "recoil_vertical": 9.5, "recoil_max_angle": 25.0, "recoil_min_angle": -25.0, "recoil_downsights": 0.4, "last_update": "2019-12-22T12:30:38.449Z"}}, {"model": "app.weapondetail", "pk": 64, "fields": {"detail_level": 4, "weapon_id": 26, "damage": 157, "damage_head": 392.5, "fire_rate": 0.33, "magazine_size": 1, "reload_time": 4.1, "impact": 396.0, "spread_base": 2.25, "spread_sprint": 1.0, "spread_jump": 1.0, "spread_downsights": 0.0, "spread_standing": 0.4, "spread_crouching": 1.0, "fire_rate_burst": 0.0, "environment_damages": 1100.0, "recoil_horizontal": 2.0, "recoil_vertical": 9.0, "recoil_max_angle": 25.0, "recoil_min_angle": -25.0, "recoil_downsights": 0.4, "last_update": "2019-12-22T12:30:38.453Z"}}, {"model": "app.weapondetail", "pk": 65, "fields": {"detail_level": 3, "weapon_id": 27, "damage": 32, "damage_head": 64.0, "fire_rate": 5.5, "magazine_size": 30, "reload_time": 2.2, "impact": 29.0, "spread_base": 0.3, "spread_sprint": 1.5, "spread_jump": 1.25, "spread_downsights": 0.5, "spread_standing": 0.7, "spread_crouching": 0.8, "fire_rate_burst": 0.0, "environment_damages": 32.0, "recoil_horizontal": 0.25, "recoil_vertical": 3.325, "recoil_max_angle": 25.0, "recoil_min_angle": -25.0, "recoil_downsights": 0.5, "last_update": "2019-12-22T12:30:38.457Z"}}, {"model": "app.weapondetail", "pk": 66, "fields": {"detail_level": 4, "weapon_id": 27, "damage": 33, "damage_head": 66.0, "fire_rate": 5.5, "magazine_size": 30, "reload_time": 2.1, "impact": 31.0, "spread_base": 0.3, "spread_sprint": 1.5, "spread_jump": 1.25, "spread_downsights": 0.5, "spread_standing": 0.7, "spread_crouching": 0.8, "fire_rate_burst": 0.0, "environment_damages": 33.0, "recoil_horizontal": 0.25, "recoil_vertical": 3.15, "recoil_max_angle": 25.0, "recoil_min_angle": -25.0, "recoil_downsights": 0.5, "last_update": "2019-12-22T12:30:38.461Z"}}, {"model": "app.weapondetail", "pk": 67, "fields": {"detail_level": 3, "weapon_id": 28, "damage": 80, "damage_head": 80.0, "fire_rate": 1.0, "magazine_size": 4, "reload_time": 4.8, "impact": 2100.0, "spread_base": 2.5, "spread_sprint": 1.0, "spread_jump": 1.0, "spread_downsights": 1.0, "spread_standing": 1.0, "spread_crouching": 1.0, "fire_rate_burst": 0.0, "environment_damages": 315.0, "recoil_horizontal": 1.5, "recoil_vertical": 4.275, "recoil_max_angle": 25.0, "recoil_min_angle": -25.0, "recoil_downsights": 0.5, "last_update": "2019-12-22T12:30:38.464Z"}}, {"model": "app.weapondetail", "pk": 68, "fields": {"detail_level": 4, "weapon_id": 28, "damage": 84, "damage_head": 84.0, "fire_rate": 1.0, "magazine_size": 4, "reload_time": 4.5, "impact": 2200.0, "spread_base": 2.5, "spread_sprint": 1.0, "spread_jump": 1.0, "spread_downsights": 1.0, "spread_standing": 1.0, "spread_crouching": 1.0, "fire_rate_burst": 0.0, "environment_damages": 330.0, "recoil_horizontal": 1.5, "recoil_vertical": 4.05, "recoil_max_angle": 25.0, "recoil_min_angle": -25.0, "recoil_downsights": 0.5, "last_update": "2019-12-22T12:30:38.468Z"}}, {"model": "app.weapondetail", "pk": 69, "fields": {"detail_level": 1, "weapon_id": 29, "damage": 34, "damage_head": 68.0, "fire_rate": 5.0, "magazine_size": 6, "reload_time": 2.4, "impact": 95.0, "spread_base": 0.4, "spread_sprint": 1.25, "spread_jump": 1.25, "spread_downsights": 0.45, "spread_standing": 0.6, "spread_crouching": 0.9, "fire_rate_burst": 0.0, "environment_damages": 34.0, "recoil_horizontal": 0.3, "recoil_vertical": 3.15, "recoil_max_angle": 25.0, "recoil_min_angle": -25.0, "recoil_downsights": 0.5, "last_update": "2019-12-22T12:30:38.472Z"}}, {"model": "app.weapondetail", "pk": 70, "fields": {"detail_level": 2, "weapon_id": 29, "damage": 36, "damage_head": 72.0, "fire_rate": 5.0, "magazine_size": 6, "reload_time": 2.3, "impact": 100.0, "spread_base": 0.4, "spread_sprint": 1.25, "spread_jump": 1.25, "spread_downsights": 0.45, "spread_standing": 0.6, "spread_crouching": 0.9, "fire_rate_burst": 0.0, "environment_damages": 36.0, "recoil_horizontal": 0.3, "recoil_vertical": 3.0, "recoil_max_angle": 25.0, "recoil_min_angle": -25.0, "recoil_downsights": 0.55, "last_update": "2019-12-22T12:30:38.475Z"}}, {"model": "app.weapondetail", "pk": 71, "fields": {"detail_level": 3, "weapon_id": 29, "damage": 38, "damage_head": 76.0, "fire_rate": 5.0, "magazine_size": 6, "reload_time": 2.2, "impact": 105.0, "spread_base": 0.4, "spread_sprint": 1.25, "spread_jump": 1.25, "spread_downsights": 0.45, "spread_standing": 0.6, "spread_crouching": 0.9, "fire_rate_burst": 0.0, "environment_damages": 38.0, "recoil_horizontal": 0.3, "recoil_vertical": 2.85, "recoil_max_angle": 25.0, "recoil_min_angle": -25.0, "recoil_downsights": 0.55, "last_update": "2019-12-22T12:30:38.479Z"}}, {"model": "app.weapondetail", "pk": 72, "fields": {"detail_level": 0, "weapon_id": 30, "damage": 38, "damage_head": 88.0, "fire_rate": 3.75, "magazine_size": 25, "reload_time": 2.8, "impact": 28.0, "spread_base": 0.3, "spread_sprint": 1.5, "spread_jump": 1.25, "spread_downsights": 0.5, "spread_standing": 0.7, "spread_crouching": 0.8, "fire_rate_burst": 0.0, "environment_damages": 44.0, "recoil_horizontal": 0.5, "recoil_vertical": 5.0, "recoil_max_angle": 25.0, "recoil_min_angle": -25.0, "recoil_downsights": 0.5, "last_update": "2019-12-22T12:30:38.483Z"}}, {"model": "app.weapondetail", "pk": 73, "fields": {"detail_level": 1, "weapon_id": 30, "damage": 40, "damage_head": 92.0, "fire_rate": 3.75, "magazine_size": 25, "reload_time": 2.7, "impact": 29.0, "spread_base": 0.3, "spread_sprint": 1.5, "spread_jump": 1.25, "spread_downsights": 0.5, "spread_standing": 0.7, "spread_crouching": 0.8, "fire_rate_burst": 0.0, "environment_damages": 46.0, "recoil_horizontal": 0.5, "recoil_vertical": 4.75, "recoil_max_angle": 25.0, "recoil_min_angle": -25.0, "recoil_downsights": 0.5, "last_update": "2019-12-22T12:30:38.487Z"}}, {"model": "app.weapondetail", "pk": 74, "fields": {"detail_level": 2, "weapon_id": 30, "damage": 42, "damage_head": 96.0, "fire_rate": 3.75, "magazine_size": 25, "reload_time": 2.7, "impact": 31.0, "spread_base": 0.3, "spread_sprint": 1.5, "spread_jump": 1.25, "spread_downsights": 0.5, "spread_standing": 0.7, "spread_crouching": 0.8, "fire_rate_burst": 0.0, "environment_damages": 48.0, "recoil_horizontal": 0.5, "recoil_vertical": 4.5, "recoil_max_angle": 25.0, "recoil_min_angle": -25.0, "recoil_downsights": 0.5, "last_update": "2019-12-22T12:30:38.491Z"}}, {"model": "app.weapondetail", "pk": 75, "fields": {"detail_level": 3, "weapon_id": 31, "damage": 32, "damage_head": 64.0, "fire_rate": 4.91, "magazine_size": 30, "reload_time": 2.5, "impact": 46.0, "spread_base": 0.175, "spread_sprint": 1.3, "spread_jump": 1.1, "spread_downsights": 0.6, "spread_standing": 0.55, "spread_crouching": 0.8, "fire_rate_burst": 0.0, "environment_damages": 32.0, "recoil_horizontal": 0.25, "recoil_vertical": 1.6625, "recoil_max_angle": 25.0, "recoil_min_angle": -25.0, "recoil_downsights": 0.5, "last_update": "2019-12-22T13:49:54.976Z"}}, {"model": "app.weapondetail", "pk": 76, "fields": {"detail_level": 4, "weapon_id": 31, "damage": 33, "damage_head": 66.0, "fire_rate": 4.91, "magazine_size": 30, "reload_time": 2.3, "impact": 48.0, "spread_base": 0.175, "spread_sprint": 1.3, "spread_jump": 1.1, "spread_downsights": 0.6, "spread_standing": 0.55, "spread_crouching": 0.8, "fire_rate_burst": 0.0, "environment_damages": 33.0, "recoil_horizontal": 0.25, "recoil_vertical": 1.575, "recoil_max_angle": 25.0, "recoil_min_angle": -25.0, "recoil_downsights": 0.5, "last_update": "2019-12-22T13:49:50.902Z"}}, {"model": "app.weapondetail", "pk": 77, "fields": {"detail_level": 3, "weapon_id": 32, "damage": 42, "damage_head": 84.0, "fire_rate": 1.6, "magazine_size": 6, "reload_time": 2.1, "impact": 158.0, "spread_base": 1.0, "spread_sprint": 1.25, "spread_jump": 1.15, "spread_downsights": 0.0, "spread_standing": 0.85, "spread_crouching": 0.8, "fire_rate_burst": 0.0, "environment_damages": 42.0, "recoil_horizontal": 0.75, "recoil_vertical": 5.7, "recoil_max_angle": 25.0, "recoil_min_angle": -25.0, "recoil_downsights": 1.0, "last_update": "2019-12-22T12:30:38.503Z"}}, {"model": "app.weapondetail", "pk": 78, "fields": {"detail_level": 4, "weapon_id": 32, "damage": 44, "damage_head": 88.0, "fire_rate": 1.6, "magazine_size": 6, "reload_time": 2.0, "impact": 165.0, "spread_base": 1.0, "spread_sprint": 1.25, "spread_jump": 1.15, "spread_downsights": 0.0, "spread_standing": 0.85, "spread_crouching": 0.8, "fire_rate_burst": 0.0, "environment_damages": 44.0, "recoil_horizontal": 0.75, "recoil_vertical": 5.4, "recoil_max_angle": 25.0, "recoil_min_angle": -25.0, "recoil_downsights": 1.0, "last_update": "2019-12-22T12:30:38.507Z"}}, {"model": "app.weapondetail", "pk": 79, "fields": {"detail_level": 3, "weapon_id": 33, "damage": 100, "damage_head": 225.0, "fire_rate": 0.33, "magazine_size": 1, "reload_time": 2.85, "impact": 300.0, "spread_base": 0.15, "spread_sprint": 1.25, "spread_jump": 1.05, "spread_downsights": 0.05, "spread_standing": 0.7, "spread_crouching": 1.0, "fire_rate_burst": 0.0, "environment_damages": 100.0, "recoil_horizontal": 0.0, "recoil_vertical": 5.0, "recoil_max_angle": 25.0, "recoil_min_angle": -25.0, "recoil_downsights": 0.4, "last_update": "2019-12-22T12:30:38.511Z"}}, {"model": "app.weapondetail", "pk": 80, "fields": {"detail_level": 4, "weapon_id": 33, "damage": 105, "damage_head": 230.0, "fire_rate": 0.33, "magazine_size": 1, "reload_time": 2.7, "impact": 300.0, "spread_base": 0.15, "spread_sprint": 1.25, "spread_jump": 1.05, "spread_downsights": 0.05, "spread_standing": 0.7, "spread_crouching": 1.0, "fire_rate_burst": 0.0, "environment_damages": 105.0, "recoil_horizontal": 0.0, "recoil_vertical": 4.75, "recoil_max_angle": 25.0, "recoil_min_angle": -25.0, "recoil_downsights": 0.4, "last_update": "2019-12-22T12:30:38.514Z"}}, {"model": "app.weapondetail", "pk": 81, "fields": {"detail_level": 1, "weapon_id": 34, "damage": 38, "damage_head": 86.0, "fire_rate": 4.0, "magazine_size": 8, "reload_time": 2.4, "impact": 200.0, "spread_base": 0.15, "spread_sprint": 1.25, "spread_jump": 1.05, "spread_downsights": 0.05, "spread_standing": 0.7, "spread_crouching": 1.0, "fire_rate_burst": 0.0, "environment_damages": 43.0, "recoil_horizontal": 0.0, "recoil_vertical": 4.75, "recoil_max_angle": 25.0, "recoil_min_angle": -25.0, "recoil_downsights": 0.4, "last_update": "2019-12-22T12:30:38.518Z"}}, {"model": "app.weapondetail", "pk": 82, "fields": {"detail_level": 2, "weapon_id": 34, "damage": 40, "damage_head": 90.0, "fire_rate": 4.0, "magazine_size": 8, "reload_time": 2.3, "impact": 200.0, "spread_base": 0.15, "spread_sprint": 1.25, "spread_jump": 1.05, "spread_downsights": 0.05, "spread_standing": 0.7, "spread_crouching": 1.0, "fire_rate_burst": 0.0, "environment_damages": 45.0, "recoil_horizontal": 0.0, "recoil_vertical": 4.75, "recoil_max_angle": 25.0, "recoil_min_angle": -25.0, "recoil_downsights": 0.4, "last_update": "2019-12-22T12:30:38.522Z"}}, {"model": "app.weapondetail", "pk": 83, "fields": {"detail_level": 3, "weapon_id": 34, "damage": 42, "damage_head": 93.0, "fire_rate": 4.0, "magazine_size": 8, "reload_time": 2.2, "impact": 200.0, "spread_base": 0.15, "spread_sprint": 1.25, "spread_jump": 1.05, "spread_downsights": 0.05, "spread_standing": 0.7, "spread_crouching": 1.0, "fire_rate_burst": 0.0, "environment_damages": 45.0, "recoil_horizontal": 0.0, "recoil_vertical": 4.75, "recoil_max_angle": 25.0, "recoil_min_angle": -25.0, "recoil_downsights": 0.4, "last_update": "2019-12-22T12:30:38.525Z"}}, {"model": "app.weapondetail", "pk": 84, "fields": {"detail_level": 4, "weapon_id": 34, "damage": 44, "damage_head": 95.0, "fire_rate": 4.0, "magazine_size": 8, "reload_time": 2.0, "impact": 200.0, "spread_base": 0.15, "spread_sprint": 1.25, "spread_jump": 1.05, "spread_downsights": 0.05, "spread_standing": 0.7, "spread_crouching": 1.0, "fire_rate_burst": 0.0, "environment_damages": 45.0, "recoil_horizontal": 0.0, "recoil_vertical": 4.75, "recoil_max_angle": 25.0, "recoil_min_angle": -25.0, "recoil_downsights": 0.4, "last_update": "2019-12-22T12:30:38.529Z"}}, {"model": "app.weapondetail", "pk": 85, "fields": {"detail_level": 0, "weapon_id": 35, "damage": 86, "damage_head": 100.0, "fire_rate": 0.33, "magazine_size": 16, "reload_time": 3.0, "impact": 86.0, "spread_base": 0.25, "spread_sprint": 1.25, "spread_jump": 1.1, "spread_downsights": 0.6, "spread_standing": 0.85, "spread_crouching": 0.8, "fire_rate_burst": 0.0, "environment_damages": 131.0, "recoil_horizontal": 0.2, "recoil_vertical": 3.3, "recoil_max_angle": 25.0, "recoil_min_angle": -25.0, "recoil_downsights": 0.6, "last_update": "2019-12-22T12:30:38.533Z"}}, {"model": "app.weapondetail", "pk": 86, "fields": {"detail_level": 1, "weapon_id": 35, "damage": 90, "damage_head": 110.0, "fire_rate": 0.33, "magazine_size": 16, "reload_time": 3.0, "impact": 86.0, "spread_base": 0.25, "spread_sprint": 1.25, "spread_jump": 1.1, "spread_downsights": 0.6, "spread_standing": 0.85, "spread_crouching": 0.8, "fire_rate_burst": 0.0, "environment_damages": 138.0, "recoil_horizontal": 0.2, "recoil_vertical": 3.3, "recoil_max_angle": 25.0, "recoil_min_angle": -25.0, "recoil_downsights": 0.6, "last_update": "2019-12-22T12:30:38.538Z"}}, {"model": "app.weapondetail", "pk": 87, "fields": {"detail_level": 2, "weapon_id": 36, "damage": 73, "damage_head": 109.0, "fire_rate": 1.85, "magazine_size": 10, "reload_time": 5.3, "impact": 68.0, "spread_base": 0.25, "spread_sprint": 1.25, "spread_jump": 1.1, "spread_downsights": 0.6, "spread_standing": 0.85, "spread_crouching": 0.8, "fire_rate_burst": 0.0, "environment_damages": 45.0, "recoil_horizontal": 0.2, "recoil_vertical": 3.3, "recoil_max_angle": 25.0, "recoil_min_angle": -25.0, "recoil_downsights": 0.6, "last_update": "2019-12-22T12:30:38.542Z"}}, {"model": "app.weapondetail", "pk": 88, "fields": {"detail_level": 3, "weapon_id": 36, "damage": 77, "damage_head": 115.0, "fire_rate": 1.85, "magazine_size": 10, "reload_time": 5.0, "impact": 69.0, "spread_base": 0.25, "spread_sprint": 1.25, "spread_jump": 1.1, "spread_downsights": 0.6, "spread_standing": 0.85, "spread_crouching": 0.8, "fire_rate_burst": 0.0, "environment_damages": 48.0, "recoil_horizontal": 0.2, "recoil_vertical": 3.3, "recoil_max_angle": 25.0, "recoil_min_angle": -25.0, "recoil_downsights": 0.6, "last_update": "2019-12-22T12:30:38.545Z"}}, {"model": "app.weapondetail", "pk": 89, "fields": {"detail_level": 4, "weapon_id": 36, "damage": 80, "damage_head": 120.0, "fire_rate": 1.85, "magazine_size": 10, "reload_time": 4.7, "impact": 70.0, "spread_base": 0.25, "spread_sprint": 1.25, "spread_jump": 1.1, "spread_downsights": 0.6, "spread_standing": 0.85, "spread_crouching": 0.8, "fire_rate_burst": 0.0, "environment_damages": 50.0, "recoil_horizontal": 0.2, "recoil_vertical": 3.3, "recoil_max_angle": 25.0, "recoil_min_angle": -25.0, "recoil_downsights": 0.6, "last_update": "2019-12-22T12:30:38.549Z"}}, {"model": "app.weapondetail", "pk": 90, "fields": {"detail_level": 2, "weapon_id": 37, "damage": 22, "damage_head": 39.0, "fire_rate": 7.0, "magazine_size": 30, "reload_time": 2.2, "impact": 18.0, "spread_base": 0.25, "spread_sprint": 1.25, "spread_jump": 1.1, "spread_downsights": 0.6, "spread_standing": 0.85, "spread_crouching": 0.8, "fire_rate_burst": 0.0, "environment_damages": 22.0, "recoil_horizontal": 0.2, "recoil_vertical": 3.3, "recoil_max_angle": 25.0, "recoil_min_angle": -25.0, "recoil_downsights": 0.6, "last_update": "2019-12-22T12:30:38.552Z"}}, {"model": "app.weapondetail", "pk": 91, "fields": {"detail_level": 3, "weapon_id": 37, "damage": 23, "damage_head": 40.0, "fire_rate": 7.0, "magazine_size": 30, "reload_time": 2.09, "impact": 18.0, "spread_base": 0.25, "spread_sprint": 1.25, "spread_jump": 1.1, "spread_downsights": 0.6, "spread_standing": 0.85, "spread_crouching": 0.8, "fire_rate_burst": 0.0, "environment_damages": 23.0, "recoil_horizontal": 0.2, "recoil_vertical": 3.3, "recoil_max_angle": 25.0, "recoil_min_angle": -25.0, "recoil_downsights": 0.6, "last_update": "2019-12-22T12:30:38.556Z"}}, {"model": "app.weapondetail", "pk": 92, "fields": {"detail_level": 4, "weapon_id": 37, "damage": 24, "damage_head": 42.0, "fire_rate": 7.0, "magazine_size": 30, "reload_time": 1.98, "impact": 18.0, "spread_base": 0.25, "spread_sprint": 1.25, "spread_jump": 1.1, "spread_downsights": 0.6, "spread_standing": 0.85, "spread_crouching": 0.8, "fire_rate_burst": 0.0, "environment_damages": 24.0, "recoil_horizontal": 0.2, "recoil_vertical": 3.3, "recoil_max_angle": 25.0, "recoil_min_angle": -25.0, "recoil_downsights": 0.6, "last_update": "2019-12-22T12:30:38.560Z"}}, {"model": "app.weapondetail", "pk": 93, "fields": {"detail_level": 0, "weapon_id": 38, "damage": 24, "damage_head": 40.25, "fire_rate": 7.5, "magazine_size": 24, "reload_time": 2.47, "impact": 24.0, "spread_base": 0.25, "spread_sprint": 1.25, "spread_jump": 1.1, "spread_downsights": 0.6, "spread_standing": 0.85, "spread_crouching": 0.8, "fire_rate_burst": 0.0, "environment_damages": 24.0, "recoil_horizontal": 0.2, "recoil_vertical": 3.3, "recoil_max_angle": 25.0, "recoil_min_angle": -25.0, "recoil_downsights": 0.6, "last_update": "2019-12-22T12:30:38.564Z"}}, {"model": "app.weapondetail", "pk": 94, "fields": {"detail_level": 1, "weapon_id": 38, "damage": 25, "damage_head": 43.75, "fire_rate": 7.5, "magazine_size": 24, "reload_time": 2.36, "impact": 25.0, "spread_base": 0.25, "spread_sprint": 1.25, "spread_jump": 1.1, "spread_downsights": 0.6, "spread_standing": 0.85, "spread_crouching": 0.8, "fire_rate_burst": 0.0, "environment_damages": 25.0, "recoil_horizontal": 0.2, "recoil_vertical": 3.3, "recoil_max_angle": 25.0, "recoil_min_angle": -25.0, "recoil_downsights": 0.6, "last_update": "2019-12-22T12:30:38.568Z"}}, {"model": "app.weapondetail", "pk": 95, "fields": {"detail_level": 2, "weapon_id": 38, "damage": 26, "damage_head": 45.5, "fire_rate": 7.5, "magazine_size": 24, "reload_time": 2.25, "impact": 26.0, "spread_base": 0.25, "spread_sprint": 1.25, "spread_jump": 1.1, "spread_downsights": 0.6, "spread_standing": 0.85, "spread_crouching": 0.8, "fire_rate_burst": 0.0, "environment_damages": 26.0, "recoil_horizontal": 0.2, "recoil_vertical": 3.3, "recoil_max_angle": 25.0, "recoil_min_angle": -25.0, "recoil_downsights": 0.6, "last_update": "2019-12-22T12:30:38.572Z"}}, {"model": "app.weapondetail", "pk": 96, "fields": {"detail_level": 3, "weapon_id": 39, "damage": 67, "damage_head": 67.0, "fire_rate": 0.65, "magazine_size": 2, "reload_time": 3.0, "impact": 131.0, "spread_base": 0.25, "spread_sprint": 1.25, "spread_jump": 1.1, "spread_downsights": 0.6, "spread_standing": 0.85, "spread_crouching": 0.8, "fire_rate_burst": 0.0, "environment_damages": 131.0, "recoil_horizontal": 0.2, "recoil_vertical": 3.3, "recoil_max_angle": 25.0, "recoil_min_angle": -25.0, "recoil_downsights": 0.6, "last_update": "2019-12-22T12:30:38.576Z"}}, {"model": "app.weapondetail", "pk": 97, "fields": {"detail_level": 4, "weapon_id": 39, "damage": 70, "damage_head": 67.0, "fire_rate": 0.65, "magazine_size": 2, "reload_time": 2.8, "impact": 131.0, "spread_base": 0.25, "spread_sprint": 1.25, "spread_jump": 1.1, "spread_downsights": 0.6, "spread_standing": 0.85, "spread_crouching": 0.8, "fire_rate_burst": 0.0, "environment_damages": 131.0, "recoil_horizontal": 0.2, "recoil_vertical": 3.3, "recoil_max_angle": 25.0, "recoil_min_angle": -25.0, "recoil_downsights": 0.6, "last_update": "2019-12-22T12:30:38.579Z"}}, {"model": "app.weapondetail", "pk": 98, "fields": {"detail_level": 0, "weapon_id": 40, "damage": 45, "damage_head": 45.0, "fire_rate": 4.0, "magazine_size": 12, "reload_time": 4.7, "impact": 45.0, "spread_base": 0.25, "spread_sprint": 1.25, "spread_jump": 1.1, "spread_downsights": 0.6, "spread_standing": 0.85, "spread_crouching": 0.8, "fire_rate_burst": 0.0, "environment_damages": 45.0, "recoil_horizontal": 0.2, "recoil_vertical": 3.3, "recoil_max_angle": 25.0, "recoil_min_angle": -25.0, "recoil_downsights": 0.6, "last_update": "2019-12-22T12:30:38.583Z"}}, {"model": "app.weapondetail", "pk": 99, "fields": {"detail_level": 1, "weapon_id": 40, "damage": 47, "damage_head": 47.0, "fire_rate": 4.0, "magazine_size": 12, "reload_time": 4.5, "impact": 47.0, "spread_base": 0.25, "spread_sprint": 1.25, "spread_jump": 1.1, "spread_downsights": 0.6, "spread_standing": 0.85, "spread_crouching": 0.8, "fire_rate_burst": 0.0, "environment_damages": 47.0, "recoil_horizontal": 0.2, "recoil_vertical": 3.3, "recoil_max_angle": 25.0, "recoil_min_angle": -25.0, "recoil_downsights": 0.6, "last_update": "2019-12-22T12:30:38.587Z"}}, {"model": "app.weapondetail", "pk": 100, "fields": {"detail_level": 2, "weapon_id": 40, "damage": 50, "damage_head": 50.0, "fire_rate": 4.0, "magazine_size": 12, "reload_time": 4.3, "impact": 50.0, "spread_base": 0.25, "spread_sprint": 1.25, "spread_jump": 1.1, "spread_downsights": 0.6, "spread_standing": 0.85, "spread_crouching": 0.8, "fire_rate_burst": 0.0, "environment_damages": 50.0, "recoil_horizontal": 0.2, "recoil_vertical": 3.3, "recoil_max_angle": 25.0, "recoil_min_angle": -25.0, "recoil_downsights": 0.6, "last_update": "2019-12-22T12:30:38.591Z"}}, {"model": "app.weapondetail", "pk": 101, "fields": {"detail_level": 3, "weapon_id": 41, "damage": 81, "damage_head": 202.0, "fire_rate": 0.9, "magazine_size": 6, "reload_time": 2.85, "impact": 105.0, "spread_base": 0.25, "spread_sprint": 1.25, "spread_jump": 1.1, "spread_downsights": 0.6, "spread_standing": 0.85, "spread_crouching": 0.8, "fire_rate_burst": 0.0, "environment_damages": 105.0, "recoil_horizontal": 0.2, "recoil_vertical": 3.3, "recoil_max_angle": 25.0, "recoil_min_angle": -25.0, "recoil_downsights": 0.6, "last_update": "2019-12-22T12:30:38.594Z"}}, {"model": "app.weapondetail", "pk": 102, "fields": {"detail_level": 4, "weapon_id": 41, "damage": 85, "damage_head": 212.0, "fire_rate": 0.9, "magazine_size": 6, "reload_time": 2.7, "impact": 110.0, "spread_base": 0.25, "spread_sprint": 1.25, "spread_jump": 1.1, "spread_downsights": 0.6, "spread_standing": 0.85, "spread_crouching": 0.8, "fire_rate_burst": 0.0, "environment_damages": 110.0, "recoil_horizontal": 0.2, "recoil_vertical": 3.3, "recoil_max_angle": 25.0, "recoil_min_angle": -25.0, "recoil_downsights": 0.6, "last_update": "2019-12-22T12:30:38.598Z"}}, {"model": "app.weapondetail", "pk": 103, "fields": {"detail_level": 2, "weapon_id": 42, "damage": 40, "damage_head": 62.0, "fire_rate": 4.0, "magazine_size": 16, "reload_time": 3.8, "impact": 40.0, "spread_base": 1.0, "spread_sprint": 1.0, "spread_jump": 1.0, "spread_downsights": 11.0, "spread_standing": 1.0, "spread_crouching": 1.0, "fire_rate_burst": 5.0, "environment_damages": 40.0, "recoil_horizontal": 1.0, "recoil_vertical": 1.0, "recoil_max_angle": 1.0, "recoil_min_angle": 1.0, "recoil_downsights": 1.0, "last_update": "2019-12-22T12:51:23.731Z"}}, {"model": "app.weapondetail", "pk": 104, "fields": {"detail_level": 3, "weapon_id": 42, "damage": 42, "damage_head": 66.0, "fire_rate": 4.0, "magazine_size": 16, "reload_time": 3.6, "impact": 42.0, "spread_base": 1.0, "spread_sprint": 1.0, "spread_jump": 1.0, "spread_downsights": 1.0, "spread_standing": 1.0, "spread_crouching": 1.0, "fire_rate_burst": 5.0, "environment_damages": 42.0, "recoil_horizontal": 1.0, "recoil_vertical": 1.0, "recoil_max_angle": 1.0, "recoil_min_angle": 1.0, "recoil_downsights": 1.0, "last_update": "2019-12-22T12:52:12.392Z"}}, {"model": "app.weapondetail", "pk": 105, "fields": {"detail_level": 4, "weapon_id": 42, "damage": 44, "damage_head": 70.0, "fire_rate": 4.0, "magazine_size": 6, "reload_time": 3.4, "impact": 44.0, "spread_base": 1.0, "spread_sprint": 1.0, "spread_jump": 1.0, "spread_downsights": 1.0, "spread_standing": 1.0, "spread_crouching": 1.0, "fire_rate_burst": 5.0, "environment_damages": 44.0, "recoil_horizontal": 1.0, "recoil_vertical": 1.0, "recoil_max_angle": 1.0, "recoil_min_angle": 1.0, "recoil_downsights": 1.0, "last_update": "2019-12-22T12:52:54.826Z"}}, {"model": "app.weapondetail", "pk": 106, "fields": {"detail_level": 1, "weapon_id": 43, "damage": 18, "damage_head": 36.0, "fire_rate": 13.0, "magazine_size": 35, "reload_time": 2.4, "impact": 18.0, "spread_base": 1.0, "spread_sprint": 1.0, "spread_jump": 1.0, "spread_downsights": 1.0, "spread_standing": 1.0, "spread_crouching": 1.0, "fire_rate_burst": 5.0, "environment_damages": 18.0, "recoil_horizontal": 1.0, "recoil_vertical": 1.0, "recoil_max_angle": 1.0, "recoil_min_angle": 1.0, "recoil_downsights": 1.0, "last_update": "2019-12-22T13:13:04.852Z"}}, {"model": "app.weapondetail", "pk": 107, "fields": {"detail_level": 2, "weapon_id": 43, "damage": 19, "damage_head": 28.0, "fire_rate": 13.0, "magazine_size": 35, "reload_time": 2.29, "impact": 19.0, "spread_base": 1.0, "spread_sprint": 1.0, "spread_jump": 1.0, "spread_downsights": 1.0, "spread_standing": 1.0, "spread_crouching": 1.0, "fire_rate_burst": 5.0, "environment_damages": 19.0, "recoil_horizontal": 1.0, "recoil_vertical": 1.0, "recoil_max_angle": 1.0, "recoil_min_angle": 1.0, "recoil_downsights": 1.0, "last_update": "2019-12-22T13:13:43.231Z"}}, {"model": "app.weapondetail", "pk": 108, "fields": {"detail_level": 3, "weapon_id": 43, "damage": 20, "damage_head": 40.0, "fire_rate": 13.0, "magazine_size": 35, "reload_time": 2.18, "impact": 20.0, "spread_base": 1.0, "spread_sprint": 1.0, "spread_jump": 1.0, "spread_downsights": 1.0, "spread_standing": 1.0, "spread_crouching": 1.0, "fire_rate_burst": 5.0, "environment_damages": 20.0, "recoil_horizontal": 1.0, "recoil_vertical": 1.0, "recoil_max_angle": 1.0, "recoil_min_angle": 1.0, "recoil_downsights": 1.0, "last_update": "2019-12-22T13:14:21.045Z"}}, {"model": "app.weapondetail", "pk": 109, "fields": {"detail_level": 4, "weapon_id": 43, "damage": 21, "damage_head": 42.0, "fire_rate": 13.0, "magazine_size": 35, "reload_time": 2.07, "impact": 21.0, "spread_base": 1.0, "spread_sprint": 1.0, "spread_jump": 1.0, "spread_downsights": 1.0, "spread_standing": 1.0, "spread_crouching": 1.0, "fire_rate_burst": 5.0, "environment_damages": 21.0, "recoil_horizontal": 1.0, "recoil_vertical": 1.0, "recoil_max_angle": 1.0, "recoil_min_angle": 1.0, "recoil_downsights": 1.0, "last_update": "2019-12-22T13:15:38.317Z"}}, {"model": "app.weapondetail", "pk": 110, "fields": {"detail_level": 0, "weapon_id": 8, "damage": 70, "damage_head": 140.0, "fire_rate": 0.7, "magazine_size": 5, "reload_time": 5.7, "impact": 45.0, "spread_base": 0.909, "spread_sprint": 1.1, "spread_jump": 1.05, "spread_downsights": 0.8, "spread_standing": 0.92, "spread_crouching": 0.85, "fire_rate_burst": 5.0, "environment_damages": 45.0, "recoil_horizontal": 2.0, "recoil_vertical": 11.7, "recoil_max_angle": 25.0, "recoil_min_angle": -25.0, "recoil_downsights": 0.85, "last_update": "2019-12-22T13:30:17.360Z"}}, {"model": "app.weapondetail", "pk": 111, "fields": {"detail_level": 2, "weapon_id": 10, "damage": 26, "damage_head": 52.0, "fire_rate": 6.75, "magazine_size": 16, "reload_time": 1.4, "impact": 50.0, "spread_base": 0.25, "spread_sprint": 1.25, "spread_jump": 1.1, "spread_downsights": 0.6, "spread_standing": 0.85, "spread_crouching": 0.8, "fire_rate_burst": 5.0, "environment_damages": 26.0, "recoil_horizontal": 0.2, "recoil_vertical": 3.0, "recoil_max_angle": 25.0, "recoil_min_angle": -25.0, "recoil_downsights": 0.6, "last_update": "2019-12-22T13:34:25.301Z"}}, {"model": "app.weapondetail", "pk": 112, "fields": {"detail_level": 3, "weapon_id": 10, "damage": 28, "damage_head": 56.0, "fire_rate": 6.75, "magazine_size": 16, "reload_time": 1.3, "impact": 53.0, "spread_base": 0.25, "spread_sprint": 1.25, "spread_jump": 1.1, "spread_downsights": 0.6, "spread_standing": 0.85, "spread_crouching": 0.8, "fire_rate_burst": 5.0, "environment_damages": 28.0, "recoil_horizontal": 0.2, "recoil_vertical": 2.85, "recoil_max_angle": 25.0, "recoil_min_angle": -25.0, "recoil_downsights": 0.6, "last_update": "2019-12-22T13:35:36.923Z"}}, {"model": "app.weapondetail", "pk": 113, "fields": {"detail_level": 4, "weapon_id": 10, "damage": 29, "damage_head": 58.0, "fire_rate": 6.75, "magazine_size": 16, "reload_time": 1.3, "impact": 55.0, "spread_base": 0.25, "spread_sprint": 1.25, "spread_jump": 1.1, "spread_downsights": 0.6, "spread_standing": 0.85, "spread_crouching": 0.8, "fire_rate_burst": 6.0, "environment_damages": 29.0, "recoil_horizontal": 0.2, "recoil_vertical": 2.7, "recoil_max_angle": 25.0, "recoil_min_angle": -25.0, "recoil_downsights": 0.6, "last_update": "2019-12-22T13:36:45.331Z"}}, {"model": "app.weapondetail", "pk": 114, "fields": {"detail_level": 1, "weapon_id": 22, "damage": 85, "damage_head": 85.0, "fire_rate": 75.0, "magazine_size": 1, "reload_time": 4.1, "impact": 1900.0, "spread_base": 2.5, "spread_sprint": 1.0, "spread_jump": 1.0, "spread_downsights": 1.0, "spread_standing": 1.0, "spread_crouching": 1.0, "fire_rate_burst": 5.0, "environment_damages": 285.0, "recoil_horizontal": 1.5, "recoil_vertical": 5.175, "recoil_max_angle": 25.0, "recoil_min_angle": -25.0, "recoil_downsights": 0.5, "last_update": "2019-12-22T13:38:03.949Z"}}, {"model": "app.weapondetail", "pk": 115, "fields": {"detail_level": 2, "weapon_id": 22, "damage": 100, "damage_head": 100.0, "fire_rate": 0.75, "magazine_size": 1, "reload_time": 3.6, "impact": 2000.0, "spread_base": 2.5, "spread_sprint": 1.0, "spread_jump": 1.0, "spread_downsights": 1.0, "spread_standing": 1.0, "spread_crouching": 1.0, "fire_rate_burst": 5.0, "environment_damages": 300.0, "recoil_horizontal": 1.5, "recoil_vertical": 4.5, "recoil_max_angle": 25.0, "recoil_min_angle": -25.0, "recoil_downsights": 0.5, "last_update": "2019-12-22T13:39:14.141Z"}}, {"model": "app.weapondetail", "pk": 116, "fields": {"detail_level": 1, "weapon_id": 19, "damage": 100, "damage_head": 250.0, "fire_rate": 0.33, "magazine_size": 1, "reload_time": 3.2, "impact": 342.0, "spread_base": 1.25, "spread_sprint": 1.0, "spread_jump": 1.0, "spread_downsights": 0.0, "spread_standing": 0.4, "spread_crouching": 1.0, "fire_rate_burst": 5.0, "environment_damages": 100.0, "recoil_horizontal": 0.0, "recoil_vertical": 5.25, "recoil_max_angle": 25.0, "recoil_min_angle": -25.0, "recoil_downsights": 0.4, "last_update": "2019-12-22T14:26:19.635Z"}}, {"model": "app.weapondetail", "pk": 117, "fields": {"detail_level": 4, "weapon_id": 19, "damage": 116, "damage_head": 290.0, "fire_rate": 0.33, "magazine_size": 1, "reload_time": 2.5, "impact": 396.0, "spread_base": 1.25, "spread_sprint": 1.0, "spread_jump": 1.0, "spread_downsights": 1.0, "spread_standing": 0.4, "spread_crouching": 1.0, "fire_rate_burst": 5.0, "environment_damages": 116.0, "recoil_horizontal": 0.0, "recoil_vertical": 4.5, "recoil_max_angle": 25.0, "recoil_min_angle": -24.0, "recoil_downsights": 0.4, "last_update": "2019-12-22T14:28:09.886Z"}}, {"model": "app.itemgroup", "pk": 0, "fields": {"name": "EXPLOSIVES"}}, {"model": "app.itemgroup", "pk": 1, "fields": {"name": "SHIELDS"}}, {"model": "app.itemgroup", "pk": 2, "fields": {"name": "MISC"}}, {"model": "app.itemgroup", "pk": 3, "fields": {"name": "TRAPS"}}, {"model": "app.itemgroup", "pk": 4, "fields": {"name": "COSMETICS"}}, {"model": "app.itemgroup", "pk": 5, "fields": {"name": "TOOLS"}}, {"model": "app.itemgroup", "pk": 6, "fields": {"name": "UNDEFINED"}}, {"model": "app.item", "pk": 0, "fields": {"name": "Explosive Grenade", "variants": 0, "image": "explosive-gre.png", "group": 0, "is_removed": false, "is_incomplete": false, "last_update": "2019-12-22T12:30:38.614Z"}}, {"model": "app.item", "pk": 1, "fields": {"name": "Clinger", "variants": 1, "image": "clinger.png", "group": 0, "is_removed": true, "is_incomplete": false, "last_update": "2019-12-22T12:30:38.617Z"}}, {"model": "app.item", "pk": 2, "fields": {"name": "Remote Explosives", "variants": 3, "image": "remote-explosive.png", "group": 0, "is_removed": true, "is_incomplete": false, "last_update": "2019-12-22T12:30:38.620Z"}}, {"model": "app.item", "pk": 3, "fields": {"name": "Stink Bomb", "variants": 2, "image": "stink-bomb.png", "group": 0, "is_removed": true, "is_incomplete": false, "last_update": "2019-12-22T13:43:47.179Z"}}, {"model": "app.item", "pk": 4, "fields": {"name": "Medium Shield", "variants": 2, "image": "shield-50.png", "group": 1, "is_removed": false, "is_incomplete": false, "last_update": "2019-12-22T12:30:38.625Z"}}, {"model": "app.item", "pk": 5, "fields": {"name": "Small Shield", "variants": 1, "image": "shield-25.png", "group": 1, "is_removed": false, "is_incomplete": false, "last_update": "2019-12-22T12:30:38.628Z"}}, {"model": "app.item", "pk": 6, "fields": {"name": "Slurp Juice", "variants": 3, "image": "slurp-juice.png", "group": 1, "is_removed": true, "is_incomplete": false, "last_update": "2019-12-22T13:43:29.380Z"}}, {"model": "app.item", "pk": 7, "fields": {"name": "Chug Juice", "variants": 4, "image": "chug-juice.png", "group": 1, "is_removed": true, "is_incomplete": false, "last_update": "2019-12-22T13:44:05.296Z"}}, {"model": "app.item", "pk": 8, "fields": {"name": "Bandages", "variants": 0, "image": "bandages.png", "group": 2, "is_removed": false, "is_incomplete": false, "last_update": "2019-12-22T12:30:38.638Z"}}, {"model": "app.item", "pk": 9, "fields": {"name": "Medikit", "variants": 1, "image": "medikit.png", "group": 2, "is_removed": false, "is_incomplete": false, "last_update": "2019-12-22T12:30:38.640Z"}}, {"model": "app.item", "pk": 10, "fields": {"name": "Boogie Bomb", "variants": 2, "image": "boogie-bomb.png", "group": 3, "is_removed": false, "is_incomplete": false, "last_update": "2019-12-22T12:30:38.642Z"}}, {"model": "app.item", "pk": 11, "fields": {"name": "Impulse Grenade", "variants": 2, "image": "impulse-grenade.png", "group": 3, "is_removed": true, "is_incomplete": false, "last_update": "2019-12-22T12:30:38.645Z"}}, {"model": "app.item", "pk": 12, "fields": {"name": "Port-A-Fort", "variants": 2, "image": "port-a-fort.png", "group": 3, "is_removed": true, "is_incomplete": false, "last_update": "2019-12-22T12:30:38.647Z"}}, {"model": "app.item", "pk": 13, "fields": {"name": "Bouncer Trap", "variants": 2, "image": "bouncer-trap.png", "group": 4, "is_removed": true, "is_incomplete": false, "last_update": "2019-12-22T12:30:38.650Z"}}, {"model": "app.item", "pk": 14, "fields": {"name": "Cozy Campfire", "variants": 2, "image": "campfire.png", "group": 4, "is_removed": true, "is_incomplete": false, "last_update": "2019-12-22T13:43:35.821Z"}}, {"model": "app.item", "pk": 15, "fields": {"name": "Damage Trap", "variants": 2, "image": "damage-trap.png", "group": 4, "is_removed": false, "is_incomplete": false, "last_update": "2019-12-22T12:30:38.654Z"}}, {"model": "app.item", "pk": 16, "fields": {"name": "Launch Pad", "variants": 3, "image": "launchpad.png", "group": 4, "is_removed": false, "is_incomplete": false, "last_update": "2019-12-22T12:30:38.657Z"}}, {"model": "app.item", "pk": 17, "fields": {"name": "Bush", "variants": 4, "image": "bush.png", "group": 5, "is_removed": true, "is_incomplete": false, "last_update": "2019-12-22T13:47:03.083Z"}}, {"model": "app.item", "pk": 18, "fields": {"name": "Rift-To-Go", "variants": 3, "image": "rift.png", "group": 3, "is_removed": true, "is_incomplete": false, "last_update": "2019-12-22T12:30:38.662Z"}}, {"model": "app.item", "pk": 19, "fields": {"name": "Shockwave Grenade", "variants": 3, "image": "shock_gre.png", "group": 3, "is_removed": true, "is_incomplete": false, "last_update": "2019-12-22T13:43:15.122Z"}}, {"model": "app.item", "pk": 20, "fields": {"name": "Grappler", "variants": 3, "image": "grappler.png", "group": 6, "is_removed": true, "is_incomplete": false, "last_update": "2019-12-22T12:30:38.667Z"}}, {"model": "app.item", "pk": 21, "fields": {"name": "Port-a-Fortress", "variants": 4, "image": "forteress.png", "group": 3, "is_removed": true, "is_incomplete": false, "last_update": "2019-12-22T12:30:38.670Z"}}, {"model": "app.item", "pk": 22, "fields": {"name": "Chiller Trap", "variants": 0, "image": "chiller.png", "group": 4, "is_removed": true, "is_incomplete": false, "last_update": "2019-12-22T12:30:38.673Z"}}, {"model": "app.item", "pk": 23, "fields": {"name": "Dynamite", "variants": 1, "image": "dynamite.png", "group": 0, "is_removed": true, "is_incomplete": false, "last_update": "2019-12-22T12:30:38.675Z"}}, {"model": "app.item", "pk": 24, "fields": {"name": "BoomBox", "variants": 3, "image": "boomBox.png", "group": 0, "is_removed": true, "is_incomplete": false, "last_update": "2019-12-22T12:30:38.678Z"}}, {"model": "app.item", "pk": 25, "fields": {"name": "Mounted Turret", "variants": 4, "image": "turret.png", "group": 4, "is_removed": false, "is_incomplete": false, "last_update": "2019-12-22T12:30:38.680Z"}}, {"model": "app.item", "pk": 26, "fields": {"name": "Baloon", "variants": 2, "image": "baloon.png", "group": 5, "is_removed": true, "is_incomplete": false, "last_update": "2019-12-22T12:30:38.682Z"}}, {"model": "app.item", "pk": 27, "fields": {"name": "Sneaky Snowman", "variants": 0, "image": "sneaky_snowman.png", "group": 5, "is_removed": true, "is_incomplete": false, "last_update": "2019-12-22T12:30:38.685Z"}}, {"model": "app.item", "pk": 28, "fields": {"name": "Chiller Grenade", "variants": 0, "image": "chiller_grenade.png", "group": 3, "is_removed": true, "is_incomplete": false, "last_update": "2019-12-22T12:30:38.688Z"}}, {"model": "app.item", "pk": 29, "fields": {"name": "Bottle Rockets", "variants": 1, "image": "bottle_rockets.png", "group": 3, "is_removed": true, "is_incomplete": false, "last_update": "2019-12-22T12:30:38.690Z"}}, {"model": "app.item", "pk": 30, "fields": {"name": "Poison Dart Trap", "variants": 1, "image": "poison_trap.png", "group": 4, "is_removed": true, "is_incomplete": false, "last_update": "2019-12-22T12:30:38.693Z"}}, {"model": "app.item", "pk": 31, "fields": {"name": "Shadow Bomb", "variants": 1, "image": "shadow-bomb.png", "group": 0, "is_removed": true, "is_incomplete": false, "last_update": "2019-12-22T12:30:38.696Z"}}, {"model": "app.item", "pk": 32, "fields": {"name": "Storm Flip", "variants": 2, "image": "Storm-flip.png", "group": 3, "is_removed": true, "is_incomplete": false, "last_update": "2019-12-22T13:02:31.945Z"}}, {"model": "app.item", "pk": 33, "fields": {"name": "Chug Splash", "variants": 2, "image": "chug_splash.png", "group": 0, "is_removed": true, "is_incomplete": false, "last_update": "2019-12-22T13:43:21.589Z"}}, {"model": "app.item", "pk": 34, "fields": {"name": "Air Strike", "variants": 4, "image": "air_strike.png", "group": 0, "is_removed": true, "is_incomplete": false, "last_update": "2019-12-22T12:30:38.704Z"}}, {"model": "app.item", "pk": 35, "fields": {"name": "Junk Rift", "variants": 3, "image": "junk-rift.png", "group": 5, "is_removed": true, "is_incomplete": false, "last_update": "2019-12-22T12:56:29.125Z"}}, {"model": "app.item", "pk": 36, "fields": {"name": "Shield Bubble", "variants": 1, "image": "shield-bubble.png", "group": 2, "is_removed": true, "is_incomplete": false, "last_update": "2019-12-22T13:00:08.663Z"}}, {"model": "app.item", "pk": 37, "fields": {"name": "Zapper Trap", "variants": 3, "image": "zapper-trap.png", "group": 3, "is_removed": true, "is_incomplete": false, "last_update": "2019-12-22T13:04:13.311Z"}}, {"model": "app.item", "pk": 38, "fields": {"name": "Harpoon Gun", "variants": 2, "image": "harpoon.png", "group": 6, "is_removed": false, "is_incomplete": false, "last_update": "2019-12-22T13:51:53.899Z"}}, {"model": "app.locationitem", "pk": 1, "fields": {"location": "Ground"}}, {"model": "app.locationitem", "pk": 2, "fields": {"location": "Chests"}}, {"model": "app.locationitem", "pk": 3, "fields": {"location": "Lamas"}}, {"model": "app.locationitem", "pk": 4, "fields": {"location": "Supply"}}, {"model": "app.locationitem", "pk": 5, "fields": {"location": "Vending"}}, {"model": "app.locationitem", "pk": 6, "fields": {"location": "Not specified yet"}}, {"model": "app.locationitem", "pk": 7, "fields": {"location": "Fishing Barrels"}}, {"model": "app.itemdetail", "pk": 1, "fields": {"item_id": 0, "is_heal": false, "is_explosive": true, "heal": 0, "shield": 0, "delay": 0.0, "damages": 105, "capacity": 10, "comment": "", "last_update": "2019-12-22T12:30:38.713Z", "location": [1, 2, 3]}}, {"model": "app.itemdetail", "pk": 2, "fields": {"item_id": 1, "is_heal": false, "is_explosive": true, "heal": 0, "shield": 0, "delay": 0.0, "damages": 100, "capacity": 6, "comment": "Since 5.3, they will be affected by gravity.", "last_update": "2019-12-22T12:30:38.722Z", "location": [1, 2, 4]}}, {"model": "app.itemdetail", "pk": 3, "fields": {"item_id": 2, "is_heal": false, "is_explosive": true, "heal": 0, "shield": 0, "delay": 0.0, "damages": 600, "capacity": 6, "comment": "", "last_update": "2019-12-22T12:30:38.731Z", "location": [1, 2, 4]}}, {"model": "app.itemdetail", "pk": 4, "fields": {"item_id": 3, "is_heal": false, "is_explosive": true, "heal": 0, "shield": 0, "delay": 0.0, "damages": 10, "capacity": 6, "comment": "9s of duration.", "last_update": "2019-12-22T12:30:38.741Z", "location": [1, 2, 4]}}, {"model": "app.itemdetail", "pk": 5, "fields": {"item_id": 4, "is_heal": true, "is_explosive": false, "heal": 0, "shield": 50, "delay": 5.0, "damages": 0, "capacity": 3, "comment": "", "last_update": "2019-12-22T12:30:38.752Z", "location": [1, 2, 4, 3]}}, {"model": "app.itemdetail", "pk": 6, "fields": {"item_id": 5, "is_heal": true, "is_explosive": false, "heal": 0, "shield": 25, "delay": 2.0, "damages": 0, "capacity": 6, "comment": "", "last_update": "2019-12-22T12:30:38.761Z", "location": [1, 2, 4]}}, {"model": "app.itemdetail", "pk": 7, "fields": {"item_id": 6, "is_heal": true, "is_explosive": false, "heal": 75, "shield": 75, "delay": 2.0, "damages": 0, "capacity": 2, "comment": "Since 5.1 if health is full, shield will be granted instead.", "last_update": "2019-12-22T12:30:38.772Z", "location": [1, 2, 4, 3]}}, {"model": "app.itemdetail", "pk": 8, "fields": {"item_id": 7, "is_heal": true, "is_explosive": false, "heal": 100, "shield": 100, "delay": 15.0, "damages": 0, "capacity": 1, "comment": "", "last_update": "2019-12-22T12:30:38.781Z", "location": [2, 4]}}, {"model": "app.itemdetail", "pk": 9, "fields": {"item_id": 8, "is_heal": true, "is_explosive": false, "heal": 15, "shield": 0, "delay": 4.0, "damages": 0, "capacity": 15, "comment": "", "last_update": "2019-12-22T12:30:38.790Z", "location": [1, 2]}}, {"model": "app.itemdetail", "pk": 10, "fields": {"item_id": 9, "is_heal": true, "is_explosive": false, "heal": 100, "shield": 0, "delay": 10.0, "damages": 0, "capacity": 3, "comment": "", "last_update": "2019-12-22T12:30:38.802Z", "location": [1, 2, 4]}}, {"model": "app.itemdetail", "pk": 11, "fields": {"item_id": 10, "is_heal": false, "is_explosive": true, "heal": 0, "shield": 0, "delay": 0.0, "damages": 0, "capacity": 1, "comment": "5s of duration.", "last_update": "2019-12-22T12:30:38.809Z", "location": [2]}}, {"model": "app.itemdetail", "pk": 12, "fields": {"item_id": 11, "is_heal": false, "is_explosive": true, "heal": 0, "shield": 0, "delay": 0.0, "damages": 0, "capacity": 11, "comment": "4.1% of chance to get one on each location.", "last_update": "2019-12-22T12:30:38.849Z", "location": [2, 4]}}, {"model": "app.itemdetail", "pk": 13, "fields": {"item_id": 12, "is_heal": false, "is_explosive": true, "heal": 0, "shield": 0, "delay": 0.0, "damages": 0, "capacity": 1, "comment": "3.3% of chance to get one.", "last_update": "2019-12-22T12:30:38.858Z", "location": [2]}}, {"model": "app.itemdetail", "pk": 14, "fields": {"item_id": 13, "is_heal": false, "is_explosive": true, "heal": 0, "shield": 0, "delay": 0.0, "damages": 0, "capacity": 0, "comment": "0.5% on ground, 15.1% on drop.", "last_update": "2019-12-22T12:30:38.877Z", "location": [1, 4]}}, {"model": "app.itemdetail", "pk": 15, "fields": {"item_id": 14, "is_heal": true, "is_explosive": false, "heal": 50, "shield": 0, "delay": 25.0, "damages": 0, "capacity": 0, "comment": "7.5% of chance to get one.", "last_update": "2019-12-22T12:30:38.893Z", "location": [1, 4]}}, {"model": "app.itemdetail", "pk": 16, "fields": {"item_id": 15, "is_heal": false, "is_explosive": true, "heal": 0, "shield": 0, "delay": 25.0, "damages": 150, "capacity": 0, "comment": "5s of reload time.", "last_update": "2019-12-22T12:30:38.903Z", "location": [1]}}, {"model": "app.itemdetail", "pk": 17, "fields": {"item_id": 16, "is_heal": false, "is_explosive": true, "heal": 0, "shield": 0, "delay": 0.0, "damages": 0, "capacity": 0, "comment": "0.32% on ground, 9.6% on Drop.", "last_update": "2019-12-22T12:30:38.913Z", "location": [1, 4]}}, {"model": "app.itemdetail", "pk": 18, "fields": {"item_id": 17, "is_heal": false, "is_explosive": true, "heal": 0, "shield": 0, "delay": 0.0, "damages": 0, "capacity": 1, "comment": "3s of delay.", "last_update": "2019-12-22T12:30:38.918Z", "location": [1]}}, {"model": "app.itemdetail", "pk": 19, "fields": {"item_id": 18, "is_heal": true, "is_explosive": true, "heal": 0, "shield": 0, "delay": 10.0, "damages": 0, "capacity": 2, "comment": "When activated, you are teleported into the sky and placed in skydiving mode.", "last_update": "2019-12-22T12:30:38.933Z", "location": [2, 5, 4, 3]}}, {"model": "app.itemdetail", "pk": 20, "fields": {"item_id": 19, "is_heal": true, "is_explosive": true, "heal": 0, "shield": 0, "delay": 0.0, "damages": 0, "capacity": 2, "comment": "", "last_update": "2019-12-22T12:30:38.950Z", "location": [2, 5, 4, 3]}}, {"model": "app.itemdetail", "pk": 21, "fields": {"item_id": 20, "is_heal": false, "is_explosive": true, "heal": 0, "shield": 0, "delay": 0.0, "damages": 0, "capacity": 10, "comment": "", "last_update": "2019-12-22T12:30:38.968Z", "location": [1, 2, 5, 4, 3]}}, {"model": "app.itemdetail", "pk": 22, "fields": {"item_id": 21, "is_heal": false, "is_explosive": true, "heal": 0, "shield": 0, "delay": 0.0, "damages": 0, "capacity": 1, "comment": "It's huge!", "last_update": "2019-12-22T12:30:38.985Z", "location": [2, 5, 4, 3]}}, {"model": "app.itemdetail", "pk": 23, "fields": {"item_id": 22, "is_heal": false, "is_explosive": true, "heal": 0, "shield": 0, "delay": 0.0, "damages": 0, "capacity": 3, "comment": "Applies icy feet to friends or foes, causing them to slide around with low friction.", "last_update": "2019-12-22T12:30:39.004Z", "location": [1, 2, 5, 4, 3]}}, {"model": "app.itemdetail", "pk": 24, "fields": {"item_id": 23, "is_heal": false, "is_explosive": true, "heal": 0, "shield": 0, "delay": 0.0, "damages": 70, "capacity": 10, "comment": "", "last_update": "2019-12-22T12:30:39.024Z", "location": [1, 2, 5, 4, 3]}}, {"model": "app.itemdetail", "pk": 25, "fields": {"item_id": 24, "is_heal": false, "is_explosive": true, "heal": 0, "shield": 0, "delay": 0.0, "damages": 200, "capacity": 6, "comment": "Only harm structures.", "last_update": "2019-12-22T12:30:39.042Z", "location": [1, 2, 5, 4, 3]}}, {"model": "app.itemdetail", "pk": 26, "fields": {"item_id": 25, "is_heal": false, "is_explosive": true, "heal": 0, "shield": 0, "delay": 5.0, "damages": 150, "capacity": 6, "comment": "", "last_update": "2019-12-22T12:30:39.055Z", "location": [2, 4, 3]}}, {"model": "app.itemdetail", "pk": 27, "fields": {"item_id": 26, "is_heal": false, "is_explosive": true, "heal": 0, "shield": 0, "delay": 0.0, "damages": 0, "capacity": 10, "comment": "", "last_update": "2019-12-22T12:30:39.067Z", "location": [1, 2, 4, 3]}}, {"model": "app.itemdetail", "pk": 28, "fields": {"item_id": 27, "is_heal": false, "is_explosive": true, "heal": 0, "shield": 0, "delay": 3.4, "damages": 0, "capacity": 10, "comment": "", "last_update": "2019-12-22T12:30:39.079Z", "location": [1, 4, 3]}}, {"model": "app.itemdetail", "pk": 29, "fields": {"item_id": 28, "is_heal": false, "is_explosive": true, "heal": 0, "shield": 0, "delay": 7.0, "damages": 0, "capacity": 6, "comment": "", "last_update": "2019-12-22T12:30:39.087Z", "location": [1, 5]}}, {"model": "app.itemdetail", "pk": 30, "fields": {"item_id": 29, "is_heal": false, "is_explosive": true, "heal": 0, "shield": 0, "delay": 9.0, "damages": 40, "capacity": 2, "comment": "Only 2 in the same time", "last_update": "2019-12-22T12:30:39.096Z", "location": [6]}}, {"model": "app.itemdetail", "pk": 31, "fields": {"item_id": 30, "is_heal": false, "is_explosive": true, "heal": 0, "shield": 0, "delay": 7.0, "damages": 80, "capacity": 10, "comment": "10 damages per tick / 8 over 7 seconds. ", "last_update": "2019-12-22T12:30:39.102Z", "location": [1]}}, {"model": "app.itemdetail", "pk": 32, "fields": {"item_id": 31, "is_heal": false, "is_explosive": true, "heal": 0, "shield": 0, "delay": 6.0, "damages": 0, "capacity": 6, "comment": "Become invisible to enemies, increasing your speed, and allowing the ability to perform double jumps.", "last_update": "2019-12-22T12:30:39.117Z", "location": [1, 2, 4, 3]}}, {"model": "app.itemdetail", "pk": 33, "fields": {"item_id": 32, "is_heal": false, "is_explosive": true, "heal": 0, "shield": 0, "delay": 20.0, "damages": 5, "capacity": 1, "comment": "Create a safe zone inside a storm, or a storm zone where the tempest is not there.", "last_update": "2019-12-22T12:30:39.132Z", "location": [1, 2, 5]}}, {"model": "app.itemdetail", "pk": 34, "fields": {"item_id": 33, "is_heal": true, "is_explosive": false, "heal": 20, "shield": 0, "delay": 0.0, "damages": 0, "capacity": 6, "comment": "Create a safe zone inside a storm, or a storm zone where the tempest is not there.", "last_update": "2019-12-22T12:30:39.148Z", "location": [1, 2, 5, 4]}}, {"model": "app.itemdetail", "pk": 35, "fields": {"item_id": 34, "is_heal": false, "is_explosive": true, "heal": 0, "shield": 0, "delay": 8.0, "damages": 75, "capacity": 2, "comment": "20 missiles will rain down on the surrounding area that damage and destroy any nearby players or structures.", "last_update": "2019-12-22T12:30:39.168Z", "location": [1, 2, 5, 4, 3]}}, {"model": "app.itemdetail", "pk": 36, "fields": {"item_id": 35, "is_heal": false, "is_explosive": true, "heal": 0, "shield": 0, "delay": 0.0, "damages": 200, "capacity": 4, "comment": "A throwable item that breaks on contact and spawns a large object in the sky that plummets to the ground.", "last_update": "2019-12-22T12:57:49.542Z", "location": [1, 2, 3, 4]}}, {"model": "app.itemdetail", "pk": 37, "fields": {"item_id": 36, "is_heal": true, "is_explosive": false, "heal": 0, "shield": 400, "delay": 3.0, "damages": 0, "capacity": 2, "comment": "Creates a large bubble that blocks projectiles and explosives. However, players can still run through it.", "last_update": "2019-12-22T13:01:58.952Z", "location": [1, 2, 4, 5]}}, {"model": "app.itemdetail", "pk": 38, "fields": {"item_id": 37, "is_heal": false, "is_explosive": true, "heal": 0, "shield": 0, "delay": 1.0, "damages": 50, "capacity": 4, "comment": "", "last_update": "2019-12-22T13:05:31.229Z", "location": [1, 2, 3, 4, 5]}}, {"model": "app.itemdetail", "pk": 39, "fields": {"item_id": 38, "is_heal": false, "is_explosive": true, "heal": 0, "shield": 0, "delay": 1.0, "damages": 75, "capacity": 1, "comment": "Yoink the competition away with this new item! 10 Uses", "last_update": "2019-12-22T13:53:15.263Z", "location": [1, 2, 3, 4, 7]}}]